entrez_gene,ensembl_gene,n_ensembl_mappings,all_ensembl_mappings,approved_symbol,direct_association_count,n_therapeutic_areas,has_disease_area_annotation
9,ENSG00000171428,1,ENSG00000171428,NAT1,737,24,True
10,ENSG00000156006,1,ENSG00000156006,NAT2,875,24,True
18,ENSG00000183044,1,ENSG00000183044,ABAT,311,23,True
25,ENSG00000097007,1,ENSG00000097007,ABL1,1462,24,True
90,ENSG00000115170,1,ENSG00000115170,ACVR1,1580,24,True
91,ENSG00000135503,1,ENSG00000135503,ACVR1B,286,21,True
92,ENSG00000121989,1,ENSG00000121989,ACVR2A,1372,24,True
93,ENSG00000114739,1,ENSG00000114739,ACVR2B,1338,24,True
94,ENSG00000139567,1,ENSG00000139567,ACVRL1,698,24,True
134,ENSG00000163485,1,ENSG00000163485,ADORA1,636,25,True
135,ENSG00000128271,1,ENSG00000128271,ADORA2A,957,25,True
136,ENSG00000170425,1,ENSG00000170425,ADORA2B,519,25,True
140,ENSG00000282608,1,ENSG00000282608,ADORA3,718,24,True
146,ENSG00000171873,1,ENSG00000171873,ADRA1D,1135,24,True
147,ENSG00000170214,1,ENSG00000170214,ADRA1B,746,24,True
148,ENSG00000120907,1,ENSG00000120907,ADRA1A,368,24,True
150,ENSG00000150594,1,ENSG00000150594,ADRA2A,568,24,True
151,ENSG00000274286,1,ENSG00000274286,ADRA2B,518,24,True
152,ENSG00000184160,1,ENSG00000184160,ADRA2C,396,24,True
153,ENSG00000043591,1,ENSG00000043591,ADRB1,601,24,True
155,ENSG00000188778,1,ENSG00000188778,ADRB3,433,24,True
185,ENSG00000144891,1,ENSG00000144891,AGTR1,1493,25,True
190,ENSG00000169297,1,ENSG00000169297,NR0B1,466,23,True
231,ENSG00000085662,1,ENSG00000085662,AKR1B1,737,24,True
238,ENSG00000171094,1,ENSG00000171094,ALK,1443,24,True
239,ENSG00000108839,1,ENSG00000108839,ALOX12,353,24,True
240,ENSG00000012779,1,ENSG00000012779,ALOX5,670,25,True
242,ENSG00000179477,1,ENSG00000179477,ALOX12B,273,20,True
246,ENSG00000161905,1,ENSG00000161905,ALOX15,473,24,True
247,ENSG00000179593,1,ENSG00000179593,ALOX15B,317,23,True
286,ENSG00000029534,1,ENSG00000029534,ANK1,1877,23,True
314,ENSG00000131480,1,ENSG00000131480,AOC2,86,19,True
316,ENSG00000138356,1,ENSG00000138356,AOX1,232,21,True
367,ENSG00000169083,1,ENSG00000169083,AR,2938,25,True
369,ENSG00000078061,1,ENSG00000078061,ARAF,1033,24,True
558,ENSG00000167601,1,ENSG00000167601,AXL,627,25,True
640,ENSG00000136573,1,ENSG00000136573,BLK,288,23,True
658,ENSG00000138696,1,ENSG00000138696,BMPR1B,2209,24,True
659,ENSG00000204217,1,ENSG00000204217,BMPR2,1110,25,True
660,ENSG00000102010,1,ENSG00000102010,BMX,183,23,True
680,ENSG00000102239,1,ENSG00000102239,BRS3,99,16,True
695,ENSG00000010671,1,ENSG00000010671,BTK,928,23,True
706,ENSG00000100300,1,ENSG00000100300,TSPO,744,23,True
759,ENSG00000133742,1,ENSG00000133742,CA1,401,23,True
760,ENSG00000104267,1,ENSG00000104267,CA2,918,25,True
761,ENSG00000164879,1,ENSG00000164879,CA3,227,22,True
762,ENSG00000167434,1,ENSG00000167434,CA4,390,24,True
763,ENSG00000174990,1,ENSG00000174990,CA5A,106,20,True
765,ENSG00000131686,1,ENSG00000131686,CA6,705,24,True
766,ENSG00000168748,1,ENSG00000168748,CA7,149,21,True
767,ENSG00000178538,1,ENSG00000178538,CA8,1689,23,True
768,ENSG00000107159,1,ENSG00000107159,CA9,613,24,True
770,ENSG00000063180,1,ENSG00000063180,CA11,65,17,True
771,ENSG00000074410,1,ENSG00000074410,CA12,238,22,True
773,ENSG00000141837,1,ENSG00000141837,CACNA1A,2717,25,True
774,ENSG00000148408,1,ENSG00000148408,CACNA1B,518,23,True
775,ENSG00000151067,1,ENSG00000151067,CACNA1C,1272,25,True
776,ENSG00000157388,1,ENSG00000157388,CACNA1D,2303,23,True
778,ENSG00000102001,1,ENSG00000102001,CACNA1F,888,23,True
779,ENSG00000081248,1,ENSG00000081248,CACNA1S,3932,23,True
781,ENSG00000153956,1,ENSG00000153956,CACNA2D1,344,25,True
801,ENSG00000198668,1,ENSG00000198668,CALM1,374,22,True
815,ENSG00000070808,1,ENSG00000070808,CAMK2A,325,25,True
816,ENSG00000058404,1,ENSG00000058404,CAMK2B,611,22,True
818,ENSG00000148660,1,ENSG00000148660,CAMK2G,647,23,True
834,ENSG00000137752,1,ENSG00000137752,CASP1,1127,25,True
887,ENSG00000110148,1,ENSG00000110148,CCKBR,390,22,True
892,ENSG00000112237,1,ENSG00000112237,CCNC,181,22,True
1017,ENSG00000123374,1,ENSG00000123374,CDK2,680,24,True
1020,ENSG00000164885,1,ENSG00000164885,CDK5,812,25,True
1022,ENSG00000134058,1,ENSG00000134058,CDK7,272,23,True
1024,ENSG00000132964,1,ENSG00000132964,CDK8,280,24,True
1103,ENSG00000070748,1,ENSG00000070748,CHAT,2360,25,True
1111,ENSG00000149554,1,ENSG00000149554,CHEK1,472,24,True
1116,ENSG00000133048,1,ENSG00000133048,CHI3L1,977,25,True
1117,ENSG00000064886,1,ENSG00000064886,CHI3L2,137,20,True
1128,ENSG00000168539,1,ENSG00000168539,CHRM1,339,25,True
1129,ENSG00000181072,1,ENSG00000181072,CHRM2,459,23,True
1131,ENSG00000133019,1,ENSG00000133019,CHRM3,1981,25,True
1132,ENSG00000180720,1,ENSG00000180720,CHRM4,333,23,True
1133,ENSG00000184984,1,ENSG00000184984,CHRM5,96,22,True
1134,ENSG00000138435,1,ENSG00000138435,CHRNA1,543,24,True
1135,ENSG00000120903,1,ENSG00000120903,CHRNA2,245,22,True
1136,ENSG00000080644,1,ENSG00000080644,CHRNA3,2001,23,True
1137,ENSG00000101204,1,ENSG00000101204,CHRNA4,502,24,True
1138,ENSG00000169684,1,ENSG00000169684,CHRNA5,207,21,True
1139,ENSG00000175344,1,ENSG00000175344,CHRNA7,1527,25,True
1140,ENSG00000170175,1,ENSG00000170175,CHRNB1,182,21,True
1141,ENSG00000160716,1,ENSG00000160716,CHRNB2,1335,22,True
1142,ENSG00000147432,1,ENSG00000147432,CHRNB3,58,16,True
1143,ENSG00000117971,1,ENSG00000117971,CHRNB4,205,21,True
1144,ENSG00000135902,1,ENSG00000135902,CHRND,243,23,True
1145,ENSG00000108556,1,ENSG00000108556,CHRNE,388,23,True
1146,ENSG00000196811,1,ENSG00000196811,CHRNG,431,24,True
1147,ENSG00000213341,1,ENSG00000213341,CHUK,4223,24,True
1174,ENSG00000106367,1,ENSG00000106367,AP1S1,74,21,True
1175,ENSG00000042753,1,ENSG00000042753,AP2S1,128,18,True
1176,ENSG00000177879,1,ENSG00000177879,AP3S1,59,19,True
1195,ENSG00000013441,1,ENSG00000013441,CLK1,1264,23,True
1196,ENSG00000176444,1,ENSG00000176444,CLK2,110,20,True
1233,ENSG00000183813,1,ENSG00000183813,CCR4,641,25,True
1241,ENSG00000213903,1,ENSG00000213903,LTB4R,414,24,True
1244,ENSG00000023839,1,ENSG00000023839,ABCC2,901,23,True
1312,ENSG00000093010,1,ENSG00000093010,COMT,619,24,True
1374,ENSG00000110090,1,ENSG00000110090,CPT1A,529,25,True
1375,ENSG00000205560,1,ENSG00000205560,CPT1B,203,22,True
1376,ENSG00000157184,1,ENSG00000157184,CPT2,504,24,True
1381,ENSG00000166426,1,ENSG00000166426,CRABP1,246,23,True
1382,ENSG00000143320,1,ENSG00000143320,CRABP2,265,22,True
1384,ENSG00000095321,1,ENSG00000095321,CRAT,125,22,True
1387,ENSG00000005339,1,ENSG00000005339,CREBBP,2727,25,True
1432,ENSG00000112062,1,ENSG00000112062,MAPK14,1174,25,True
1436,ENSG00000182578,1,ENSG00000182578,CSF1R,2483,25,True
1445,ENSG00000103653,1,ENSG00000103653,CSK,544,24,True
1452,ENSG00000113712,1,ENSG00000113712,CSNK1A1,247,21,True
1453,ENSG00000141551,1,ENSG00000141551,CSNK1D,123,20,True
1454,ENSG00000213923,1,ENSG00000213923,CSNK1E,179,20,True
1455,ENSG00000133275,1,ENSG00000133275,CSNK1G2,1083,21,True
1456,ENSG00000151292,1,ENSG00000151292,CSNK1G3,114,22,True
1457,ENSG00000101266,1,ENSG00000101266,CSNK2A1,584,21,True
1459,ENSG00000070770,1,ENSG00000070770,CSNK2A2,312,21,True
1499,ENSG00000168036,1,ENSG00000168036,CTNNB1,5891,24,True
1509,ENSG00000117984,1,ENSG00000117984,CTSD,1566,25,True
1543,ENSG00000140465,1,ENSG00000140465,CYP1A1,734,25,True
1544,ENSG00000140505,1,ENSG00000140505,CYP1A2,592,24,True
1545,ENSG00000138061,1,ENSG00000138061,CYP1B1,1101,24,True
1551,ENSG00000160870,1,ENSG00000160870,CYP3A7,126,20,True
1555,ENSG00000197408,1,ENSG00000197408,CYP2B6,523,23,True
1557,ENSG00000165841,1,ENSG00000165841,CYP2C19,545,24,True
1558,ENSG00000138115,1,ENSG00000138115,CYP2C8,310,22,True
1559,ENSG00000138109,1,ENSG00000138109,CYP2C9,460,24,True
1565,ENSG00000100197,1,ENSG00000100197,CYP2D6,615,24,True
1576,ENSG00000160868,1,ENSG00000160868,CYP3A4,810,24,True
1579,ENSG00000187048,1,ENSG00000187048,CYP4A11,359,22,True
1580,ENSG00000142973,1,ENSG00000142973,CYP4B1,237,22,True
1581,ENSG00000167910,1,ENSG00000167910,CYP7A1,1605,24,True
1582,ENSG00000180432,1,ENSG00000180432,CYP8B1,291,23,True
1583,ENSG00000140459,1,ENSG00000140459,CYP11A1,461,24,True
1584,ENSG00000160882,1,ENSG00000160882,CYP11B1,516,23,True
1585,ENSG00000179142,1,ENSG00000179142,CYP11B2,579,23,True
1586,ENSG00000148795,1,ENSG00000148795,CYP17A1,570,24,True
1588,ENSG00000137869,1,ENSG00000137869,CYP19A1,1854,25,True
1591,ENSG00000019186,1,ENSG00000019186,CYP24A1,529,24,True
1592,ENSG00000095596,1,ENSG00000095596,CYP26A1,1087,24,True
1593,ENSG00000135929,1,ENSG00000135929,CYP27A1,990,24,True
1594,ENSG00000111012,1,ENSG00000111012,CYP27B1,1501,24,True
1636,ENSG00000159640,1,ENSG00000159640,ACE,2523,25,True
1723,ENSG00000102967,1,ENSG00000102967,DHODH,339,23,True
1812,ENSG00000184845,1,ENSG00000184845,DRD1,491,24,True
1813,ENSG00000149295,1,ENSG00000149295,DRD2,1797,24,True
1814,ENSG00000151577,1,ENSG00000151577,DRD3,324,25,True
1816,ENSG00000169676,1,ENSG00000169676,DRD5,526,24,True
1859,ENSG00000157540,1,ENSG00000157540,DYRK1A,516,23,True
1969,ENSG00000142627,1,ENSG00000142627,EPHA2,927,23,True
2011,ENSG00000072518,1,ENSG00000072518,MARK2,1005,25,True
2030,ENSG00000112759,1,ENSG00000112759,SLC29A1,915,22,True
2041,ENSG00000146904,1,ENSG00000146904,EPHA1,409,23,True
2043,ENSG00000116106,1,ENSG00000116106,EPHA4,1621,25,True
2044,ENSG00000145242,1,ENSG00000145242,EPHA5,245,22,True
2046,ENSG00000070886,1,ENSG00000070886,EPHA8,114,20,True
2047,ENSG00000154928,1,ENSG00000154928,EPHB1,650,22,True
2048,ENSG00000133216,1,ENSG00000133216,EPHB2,564,25,True
2049,ENSG00000182580,1,ENSG00000182580,EPHB3,217,24,True
2050,ENSG00000196411,1,ENSG00000196411,EPHB4,603,23,True
2051,ENSG00000106123,1,ENSG00000106123,EPHB6,175,21,True
2063,ENSG00000160113,1,ENSG00000160113,NR2F6,162,23,True
2064,ENSG00000141736,1,ENSG00000141736,ERBB2,1910,24,True
2065,ENSG00000065361,1,ENSG00000065361,ERBB3,2062,24,True
2066,ENSG00000178568,1,ENSG00000178568,ERBB4,869,24,True
2081,ENSG00000178607,1,ENSG00000178607,ERN1,668,25,True
2100,ENSG00000140009,1,ENSG00000140009,ESR2,2715,25,True
2101,ENSG00000173153,1,ENSG00000173153,ESRRA,357,24,True
2103,ENSG00000119715,1,ENSG00000119715,ESRRB,299,22,True
2167,ENSG00000170323,1,ENSG00000170323,FABP4,676,24,True
2168,ENSG00000163586,1,ENSG00000163586,FABP1,469,24,True
2169,ENSG00000145384,1,ENSG00000145384,FABP2,484,24,True
2170,ENSG00000121769,1,ENSG00000121769,FABP3,925,24,True
2171,ENSG00000164687,1,ENSG00000164687,FABP5,431,25,True
2172,ENSG00000170231,1,ENSG00000170231,FABP6,174,22,True
2173,ENSG00000164434,1,ENSG00000164434,FABP7,268,24,True
2185,ENSG00000120899,1,ENSG00000120899,PTK2B,467,25,True
2224,ENSG00000160752,1,ENSG00000160752,FDPS,276,21,True
2232,ENSG00000161513,1,ENSG00000161513,FDXR,170,22,True
2241,ENSG00000151422,1,ENSG00000151422,FER,776,24,True
2261,ENSG00000068078,1,ENSG00000068078,FGFR3,5225,24,True
2263,ENSG00000066468,1,ENSG00000066468,FGFR2,5541,24,True
2264,ENSG00000160867,1,ENSG00000160867,FGFR4,596,24,True
2268,ENSG00000000938,1,ENSG00000000938,FGR,1854,24,True
2321,ENSG00000102755,1,ENSG00000102755,FLT1,1212,24,True
2322,ENSG00000122025,1,ENSG00000122025,FLT3,959,25,True
2324,ENSG00000037280,1,ENSG00000037280,FLT4,980,25,True
2444,ENSG00000111816,1,ENSG00000111816,FRK,245,23,True
2534,ENSG00000010810,1,ENSG00000010810,FYN,1587,24,True
2554,ENSG00000022355,1,ENSG00000022355,GABRA1,1354,24,True
2555,ENSG00000151834,1,ENSG00000151834,GABRA2,500,24,True
2556,ENSG00000011677,1,ENSG00000011677,GABRA3,379,24,True
2557,ENSG00000109158,1,ENSG00000109158,GABRA4,379,24,True
2558,ENSG00000186297,1,ENSG00000186297,GABRA5,1426,24,True
2559,ENSG00000145863,1,ENSG00000145863,GABRA6,366,24,True
2560,ENSG00000163288,1,ENSG00000163288,GABRB1,428,24,True
2561,ENSG00000145864,1,ENSG00000145864,GABRB2,1211,24,True
2562,ENSG00000166206,1,ENSG00000166206,GABRB3,3033,24,True
2563,ENSG00000187730,1,ENSG00000187730,GABRD,412,24,True
2564,ENSG00000102287,1,ENSG00000102287,GABRE,412,24,True
2565,ENSG00000163285,1,ENSG00000163285,GABRG1,741,24,True
2566,ENSG00000113327,1,ENSG00000113327,GABRG2,1386,24,True
2567,ENSG00000182256,1,ENSG00000182256,GABRG3,385,24,True
2568,ENSG00000094755,1,ENSG00000094755,GABRP,600,24,True
2569,ENSG00000146276,1,ENSG00000146276,GABRR1,222,23,True
2570,ENSG00000111886,1,ENSG00000111886,GABRR2,58,19,True
2571,ENSG00000128683,1,ENSG00000128683,GAD1,1246,24,True
2572,ENSG00000136750,1,ENSG00000136750,GAD2,1136,23,True
2580,ENSG00000178950,1,ENSG00000178950,GAK,330,22,True
2628,ENSG00000171766,1,ENSG00000171766,GATM,653,24,True
2629,ENSG00000177628,1,ENSG00000177628,GBA1,1388,23,True
2649,ENSG00000148200,1,ENSG00000148200,NR6A1,630,23,True
2730,ENSG00000023909,1,ENSG00000023909,GCLM,403,24,True
2739,ENSG00000124767,1,ENSG00000124767,GLO1,384,23,True
2842,ENSG00000183150,1,ENSG00000183150,GPR19,84,21,True
2862,ENSG00000102539,1,ENSG00000102539,MLNR,67,18,True
2872,ENSG00000099875,1,ENSG00000099875,MKNK2,135,21,True
2902,ENSG00000176884,1,ENSG00000176884,GRIN1,1242,25,True
2903,ENSG00000183454,1,ENSG00000183454,GRIN2A,1001,24,True
2904,ENSG00000273079,1,ENSG00000273079,GRIN2B,889,25,True
2905,ENSG00000161509,1,ENSG00000161509,GRIN2C,896,23,True
2906,ENSG00000105464,1,ENSG00000105464,GRIN2D,330,22,True
2908,ENSG00000113580,1,ENSG00000113580,NR3C1,2047,25,True
2925,ENSG00000126010,1,ENSG00000126010,GRPR,219,23,True
2931,ENSG00000105723,1,ENSG00000105723,GSK3A,453,22,True
2932,ENSG00000082701,1,ENSG00000082701,GSK3B,2181,25,True
2938,ENSG00000243955,1,ENSG00000243955,GSTA1,266,23,True
2950,ENSG00000084207,1,ENSG00000084207,GSTP1,760,24,True
3055,ENSG00000101336,1,ENSG00000101336,HCK,731,24,True
3091,ENSG00000100644,1,ENSG00000100644,HIF1A,1827,25,True
3156,ENSG00000113161,1,ENSG00000113161,HMGCR,1080,25,True
3248,ENSG00000164120,1,ENSG00000164120,HPGD,497,24,True
3269,ENSG00000196639,1,ENSG00000196639,HRH1,522,25,True
3274,ENSG00000113749,1,ENSG00000113749,HRH2,419,23,True
3350,ENSG00000178394,1,ENSG00000178394,HTR1A,489,25,True
3351,ENSG00000135312,1,ENSG00000135312,HTR1B,290,23,True
3352,ENSG00000179546,1,ENSG00000179546,HTR1D,121,23,True
3356,ENSG00000102468,1,ENSG00000102468,HTR2A,595,24,True
3357,ENSG00000135914,1,ENSG00000135914,HTR2B,332,24,True
3358,ENSG00000147246,1,ENSG00000147246,HTR2C,648,24,True
3359,ENSG00000166736,1,ENSG00000166736,HTR3A,1101,24,True
3362,ENSG00000158748,1,ENSG00000158748,HTR6,119,19,True
3363,ENSG00000148680,1,ENSG00000148680,HTR7,242,22,True
3620,ENSG00000131203,1,ENSG00000131203,IDO1,1153,25,True
3645,ENSG00000027644,1,ENSG00000027644,INSRR,71,19,True
3654,ENSG00000184216,1,ENSG00000184216,IRAK1,495,25,True
3656,ENSG00000134070,1,ENSG00000134070,IRAK2,347,21,True
3702,ENSG00000113263,1,ENSG00000113263,ITK,690,24,True
3716,ENSG00000162434,1,ENSG00000162434,JAK1,1660,25,True
3717,ENSG00000096968,1,ENSG00000096968,JAK2,1636,25,True
3718,ENSG00000105639,1,ENSG00000105639,JAK3,1213,24,True
3728,ENSG00000173801,1,ENSG00000173801,JUP,1027,23,True
3738,ENSG00000177272,1,ENSG00000177272,KCNA3,869,25,True
3757,ENSG00000055118,1,ENSG00000055118,KCNH2,727,24,True
3783,ENSG00000104783,1,ENSG00000104783,KCNN4,791,25,True
3815,ENSG00000157404,1,ENSG00000157404,KIT,2858,25,True
3985,ENSG00000182541,1,ENSG00000182541,LIMK2,2441,22,True
4025,ENSG00000167419,1,ENSG00000167419,LPO,2235,23,True
4051,ENSG00000186529,1,ENSG00000186529,CYP4F3,404,24,True
4058,ENSG00000062524,1,ENSG00000062524,LTK,189,21,True
4067,ENSG00000254087,1,ENSG00000254087,LYN,1077,25,True
4128,ENSG00000189221,1,ENSG00000189221,MAOA,536,23,True
4129,ENSG00000069535,1,ENSG00000069535,MAOB,474,24,True
4139,ENSG00000116141,1,ENSG00000116141,MARK1,170,20,True
4140,ENSG00000075413,1,ENSG00000075413,MARK3,156,24,True
4145,ENSG00000007264,1,ENSG00000007264,MATK,136,21,True
4151,ENSG00000198125,1,ENSG00000198125,MB,1250,25,True
4160,ENSG00000166603,1,ENSG00000166603,MC4R,636,25,True
4216,ENSG00000085511,1,ENSG00000085511,MAP3K4,724,22,True
4233,ENSG00000105976,1,ENSG00000105976,MET,2315,25,True
4241,ENSG00000163975,1,ENSG00000163975,MELTF,114,22,True
4282,ENSG00000240972,1,ENSG00000240972,MIF,1390,25,True
4293,ENSG00000006432,1,ENSG00000006432,MAP3K9,137,23,True
4294,ENSG00000130758,1,ENSG00000130758,MAP3K10,124,20,True
4296,ENSG00000173327,1,ENSG00000173327,MAP3K11,320,22,True
4306,ENSG00000151623,1,ENSG00000151623,NR3C2,1324,25,True
4342,ENSG00000172680,1,ENSG00000172680,MOS,145,21,True
4353,ENSG00000005381,1,ENSG00000005381,MPO,1665,25,True
4593,ENSG00000030304,1,ENSG00000030304,MUSK,1417,23,True
4638,ENSG00000065534,1,ENSG00000065534,MYLK,488,24,True
4661,ENSG00000196132,1,ENSG00000196132,MYT1,120,19,True
4751,ENSG00000117650,1,ENSG00000117650,NEK2,263,24,True
4829,ENSG00000135577,1,ENSG00000135577,NMBR,104,19,True
4835,ENSG00000124588,1,ENSG00000124588,NQO2,191,20,True
4842,ENSG00000089250,1,ENSG00000089250,NOS1,2167,25,True
4846,ENSG00000164867,1,ENSG00000164867,NOS3,3532,25,True
4864,ENSG00000141458,1,ENSG00000141458,NPC1,2605,24,True
4915,ENSG00000148053,1,ENSG00000148053,NTRK2,2159,25,True
4916,ENSG00000140538,1,ENSG00000140538,NTRK3,2978,24,True
4919,ENSG00000185483,1,ENSG00000185483,ROR1,630,24,True
4921,ENSG00000162733,1,ENSG00000162733,DDR2,1017,24,True
4953,ENSG00000115758,1,ENSG00000115758,ODC1,502,24,True
4985,ENSG00000116329,1,ENSG00000116329,OPRD1,248,23,True
4986,ENSG00000082556,1,ENSG00000082556,OPRK1,425,24,True
4988,ENSG00000112038,1,ENSG00000112038,OPRM1,751,25,True
5005,ENSG00000228278,1,ENSG00000228278,ORM2,494,23,True
5016,ENSG00000085465,1,ENSG00000085465,OVGP1,68,19,True
5021,ENSG00000180914,1,ENSG00000180914,OXTR,465,24,True
5028,ENSG00000169860,1,ENSG00000169860,P2RY1,375,23,True
5032,ENSG00000244165,1,ENSG00000244165,P2RY11,78,21,True
5063,ENSG00000077264,1,ENSG00000077264,PAK3,166,21,True
5105,ENSG00000124253,1,ENSG00000124253,PCK1,570,22,True
5106,ENSG00000100889,1,ENSG00000100889,PCK2,333,24,True
5127,ENSG00000102225,1,ENSG00000102225,CDK16,150,19,True
5138,ENSG00000186642,1,ENSG00000186642,PDE2A,378,23,True
5142,ENSG00000184588,1,ENSG00000184588,PDE4B,484,25,True
5143,ENSG00000105650,2,ENSG00000105650;ENSG00000285188,PDE4C,265,21,True
5145,ENSG00000132915,1,ENSG00000132915,PDE6A,687,23,True
5146,ENSG00000095464,1,ENSG00000095464,PDE6C,529,22,True
5150,ENSG00000205268,1,ENSG00000205268,PDE7A,250,23,True
5156,ENSG00000134853,1,ENSG00000134853,PDGFRA,4767,25,True
5157,ENSG00000104213,1,ENSG00000104213,PDGFRL,120,19,True
5158,ENSG00000133256,1,ENSG00000133256,PDE6B,1634,24,True
5159,ENSG00000113721,1,ENSG00000113721,PDGFRB,3132,24,True
5222,ENSG00000256713,1,ENSG00000256713,PGA5,62,16,True
5225,ENSG00000096088,1,ENSG00000096088,PGC,213,22,True
5241,ENSG00000082175,1,ENSG00000082175,PGR,2083,24,True
5243,ENSG00000085563,1,ENSG00000085563,ABCB1,1421,25,True
5244,ENSG00000005471,1,ENSG00000005471,ABCB4,1198,24,True
5260,ENSG00000164776,1,ENSG00000164776,PHKG1,333,21,True
5261,ENSG00000156873,1,ENSG00000156873,PHKG2,91,20,True
5337,ENSG00000075651,1,ENSG00000075651,PLD1,311,24,True
5338,ENSG00000129219,1,ENSG00000129219,PLD2,208,22,True
5346,ENSG00000166819,1,ENSG00000166819,PLIN1,302,21,True
5375,ENSG00000147588,1,ENSG00000147588,PMP2,91,19,True
5465,ENSG00000186951,1,ENSG00000186951,PPARA,1977,25,True
5468,ENSG00000132170,1,ENSG00000132170,PPARG,1867,25,True
5562,ENSG00000132356,1,ENSG00000132356,PRKAA1,766,25,True
5563,ENSG00000162409,1,ENSG00000162409,PRKAA2,921,25,True
5587,ENSG00000184304,1,ENSG00000184304,PRKD1,454,24,True
5594,ENSG00000100030,1,ENSG00000100030,MAPK1,1135,25,True
5595,ENSG00000102882,1,ENSG00000102882,MAPK3,1460,25,True
5599,ENSG00000107643,1,ENSG00000107643,MAPK8,1844,25,True
5600,ENSG00000185386,1,ENSG00000185386,MAPK11,267,21,True
5605,ENSG00000126934,1,ENSG00000126934,MAP2K2,501,23,True
5607,ENSG00000137764,1,ENSG00000137764,MAP2K5,189,20,True
5610,ENSG00000055332,1,ENSG00000055332,EIF2AK2,568,24,True
5621,ENSG00000171867,1,ENSG00000171867,PRNP,2190,24,True
5682,ENSG00000129084,1,ENSG00000129084,PSMA1,323,23,True
5683,ENSG00000106588,1,ENSG00000106588,PSMA2,502,23,True
5684,ENSG00000100567,1,ENSG00000100567,PSMA3,335,22,True
5685,ENSG00000041357,1,ENSG00000041357,PSMA4,377,23,True
5686,ENSG00000143106,1,ENSG00000143106,PSMA5,854,21,True
5687,ENSG00000100902,1,ENSG00000100902,PSMA6,814,23,True
5688,ENSG00000101182,1,ENSG00000101182,PSMA7,399,22,True
5689,ENSG00000008018,1,ENSG00000008018,PSMB1,273,21,True
5690,ENSG00000126067,1,ENSG00000126067,PSMB2,254,21,True
5691,ENSG00000277791,1,ENSG00000277791,PSMB3,258,21,True
5692,ENSG00000159377,1,ENSG00000159377,PSMB4,264,24,True
5694,ENSG00000142507,1,ENSG00000142507,PSMB6,483,22,True
5695,ENSG00000136930,1,ENSG00000136930,PSMB7,362,22,True
5699,ENSG00000205220,1,ENSG00000205220,PSMB10,561,22,True
5724,ENSG00000169403,1,ENSG00000169403,PTAFR,384,24,True
5730,ENSG00000107317,1,ENSG00000107317,PTGDS,467,24,True
5739,ENSG00000160013,1,ENSG00000160013,PTGIR,189,23,True
5740,ENSG00000124212,1,ENSG00000124212,PTGIS,445,23,True
5742,ENSG00000095303,1,ENSG00000095303,PTGS1,1290,25,True
5743,ENSG00000073756,1,ENSG00000073756,PTGS2,2957,25,True
5747,ENSG00000169398,1,ENSG00000169398,PTK2,904,25,True
5753,ENSG00000101213,1,ENSG00000101213,PTK6,280,23,True
5793,ENSG00000144724,1,ENSG00000144724,PTPRG,484,23,True
5803,ENSG00000106278,1,ENSG00000106278,PTPRZ1,432,24,True
5834,ENSG00000100994,1,ENSG00000100994,PYGB,153,22,True
5837,ENSG00000068976,1,ENSG00000068976,PYGM,244,20,True
5871,ENSG00000168067,1,ENSG00000168067,MAP4K2,106,19,True
5894,ENSG00000132155,1,ENSG00000132155,RAF1,3149,24,True
5914,ENSG00000131759,1,ENSG00000131759,RARA,1955,25,True
5915,ENSG00000077092,1,ENSG00000077092,RARB,3177,25,True
5916,ENSG00000172819,1,ENSG00000172819,RARG,2363,22,True
5947,ENSG00000114115,1,ENSG00000114115,RBP1,439,22,True
5948,ENSG00000114113,1,ENSG00000114113,RBP2,118,22,True
5972,ENSG00000143839,1,ENSG00000143839,REN,1978,25,True
5979,ENSG00000165731,1,ENSG00000165731,RET,1945,24,True
6010,ENSG00000163914,1,ENSG00000163914,RHO,1392,25,True
6011,ENSG00000185974,1,ENSG00000185974,GRK1,468,20,True
6093,ENSG00000067900,1,ENSG00000067900,ROCK1,1659,25,True
6122,ENSG00000100316,1,ENSG00000100316,RPL3,166,20,True
6123,ENSG00000140986,1,ENSG00000140986,RPL3L,71,17,True
6124,ENSG00000174444,1,ENSG00000174444,RPL4,145,21,True
6125,ENSG00000122406,1,ENSG00000122406,RPL5,543,21,True
6129,ENSG00000147604,1,ENSG00000147604,RPL7,118,22,True
6130,ENSG00000148303,1,ENSG00000148303,RPL7A,97,21,True
6132,ENSG00000161016,1,ENSG00000161016,RPL8,121,20,True
6133,ENSG00000163682,1,ENSG00000163682,RPL9,127,21,True
6134,ENSG00000147403,1,ENSG00000147403,RPL10,210,22,True
6135,ENSG00000142676,1,ENSG00000142676,RPL11,171,21,True
6136,ENSG00000197958,1,ENSG00000197958,RPL12,139,20,True
6139,ENSG00000265681,1,ENSG00000265681,RPL17,342,24,True
6141,ENSG00000063177,1,ENSG00000063177,RPL18,88,20,True
6143,ENSG00000108298,1,ENSG00000108298,RPL19,103,21,True
6144,ENSG00000122026,1,ENSG00000122026,RPL21,96,21,True
6147,ENSG00000198242,1,ENSG00000198242,RPL23A,83,20,True
6152,ENSG00000114391,1,ENSG00000114391,RPL24,2639,23,True
6154,ENSG00000161970,1,ENSG00000161970,RPL26,232,21,True
6157,ENSG00000166441,1,ENSG00000166441,RPL27A,908,21,True
6160,ENSG00000071082,1,ENSG00000071082,RPL31,156,21,True
6161,ENSG00000144713,1,ENSG00000144713,RPL32,112,20,True
6166,ENSG00000165502,1,ENSG00000165502,RPL36AL,31,19,True
6168,ENSG00000197756,1,ENSG00000197756,RPL37A,78,18,True
6170,ENSG00000198918,1,ENSG00000198918,RPL39,76,19,True
6173,ENSG00000241343,1,ENSG00000241343,RPL36A,78,18,True
6175,ENSG00000089157,1,ENSG00000089157,RPLP0,187,20,True
6206,ENSG00000112306,1,ENSG00000112306,RPS12,268,23,True
6256,ENSG00000186350,1,ENSG00000186350,RXRA,4027,25,True
6257,ENSG00000204231,1,ENSG00000204231,RXRB,276,23,True
6258,ENSG00000143171,1,ENSG00000143171,RXRG,286,23,True
6285,ENSG00000160307,1,ENSG00000160307,S100B,1010,25,True
6300,ENSG00000188130,1,ENSG00000188130,MAPK12,124,20,True
6328,ENSG00000153253,1,ENSG00000153253,SCN3A,544,24,True
6331,ENSG00000183873,1,ENSG00000183873,SCN5A,1406,25,True
6334,ENSG00000196876,1,ENSG00000196876,SCN8A,3737,25,True
6336,ENSG00000185313,1,ENSG00000185313,SCN10A,650,25,True
6416,ENSG00000065559,1,ENSG00000065559,MAP2K4,481,23,True
6513,ENSG00000117394,1,ENSG00000117394,SLC2A1,1680,25,True
6514,ENSG00000163581,1,ENSG00000163581,SLC2A2,390,23,True
6515,ENSG00000059804,1,ENSG00000059804,SLC2A3,506,24,True
6517,ENSG00000181856,1,ENSG00000181856,SLC2A4,1100,24,True
6518,ENSG00000142583,1,ENSG00000142583,SLC2A5,985,24,True
6529,ENSG00000157103,1,ENSG00000157103,SLC6A1,1039,24,True
6530,ENSG00000103546,1,ENSG00000103546,SLC6A2,445,23,True
6531,ENSG00000142319,1,ENSG00000142319,SLC6A3,1307,25,True
6532,ENSG00000108576,1,ENSG00000108576,SLC6A4,1176,24,True
6533,ENSG00000131389,1,ENSG00000131389,SLC6A6,1159,25,True
6534,ENSG00000011083,1,ENSG00000011083,SLC6A7,80,19,True
6535,ENSG00000130821,1,ENSG00000130821,SLC6A8,783,22,True
6536,ENSG00000196517,1,ENSG00000196517,SLC6A9,575,22,True
6538,ENSG00000132164,1,ENSG00000132164,SLC6A11,103,22,True
6539,ENSG00000111181,1,ENSG00000111181,SLC6A12,113,20,True
6540,ENSG00000010379,1,ENSG00000010379,SLC6A13,91,20,True
6566,ENSG00000155380,1,ENSG00000155380,SLC16A1,421,23,True
6579,ENSG00000084453,1,ENSG00000084453,SLCO1A2,239,23,True
6580,ENSG00000175003,1,ENSG00000175003,SLC22A1,268,22,True
6581,ENSG00000146477,1,ENSG00000146477,SLC22A3,241,23,True
6582,ENSG00000112499,1,ENSG00000112499,SLC22A2,198,23,True
6583,ENSG00000197208,1,ENSG00000197208,SLC22A4,258,24,True
6584,ENSG00000197375,1,ENSG00000197375,SLC22A5,635,24,True
6714,ENSG00000197122,1,ENSG00000197122,SRC,2840,25,True
6718,ENSG00000122787,1,ENSG00000122787,AKR1D1,122,22,True
6725,ENSG00000125508,1,ENSG00000125508,SRMS,108,18,True
6732,ENSG00000096063,1,ENSG00000096063,SRPK1,199,23,True
6733,ENSG00000135250,1,ENSG00000135250,SRPK2,131,21,True
6788,ENSG00000104375,1,ENSG00000104375,STK3,340,22,True
6789,ENSG00000101109,1,ENSG00000101109,STK4,224,22,True
6793,ENSG00000072786,1,ENSG00000072786,STK10,109,23,True
6795,ENSG00000105146,1,ENSG00000105146,AURKC,94,18,True
6850,ENSG00000165025,1,ENSG00000165025,SYK,1195,25,True
6865,ENSG00000075073,1,ENSG00000075073,TACR2,159,21,True
6869,ENSG00000115353,1,ENSG00000115353,TACR1,681,25,True
6916,ENSG00000059377,1,ENSG00000059377,TBXAS1,260,23,True
7006,ENSG00000135605,1,ENSG00000135605,TEC,155,21,True
7016,ENSG00000107140,1,ENSG00000107140,TESK1,36,15,True
7018,ENSG00000091513,1,ENSG00000091513,TF,1995,25,True
7025,ENSG00000175745,1,ENSG00000175745,NR2F1,2892,24,True
7026,ENSG00000185551,1,ENSG00000185551,NR2F2,496,24,True
7046,ENSG00000106799,1,ENSG00000106799,TGFBR1,1493,25,True
7067,ENSG00000126351,1,ENSG00000126351,THRA,1836,24,True
7068,ENSG00000151090,1,ENSG00000151090,THRB,3589,23,True
7075,ENSG00000066056,1,ENSG00000066056,TIE1,551,23,True
7101,ENSG00000112333,1,ENSG00000112333,NR2E1,1784,23,True
7155,ENSG00000077097,1,ENSG00000077097,TOP2B,731,24,True
7172,ENSG00000137364,1,ENSG00000137364,TPMT,275,23,True
7173,ENSG00000115705,1,ENSG00000115705,TPO,1999,25,True
7181,ENSG00000120798,1,ENSG00000120798,NR2C1,79,18,True
7182,ENSG00000177463,1,ENSG00000177463,NR2C2,412,22,True
7226,ENSG00000142185,1,ENSG00000142185,TRPM2,510,25,True
7272,ENSG00000112742,1,ENSG00000112742,TTK,281,22,True
7276,ENSG00000118271,1,ENSG00000118271,TTR,1611,24,True
7294,ENSG00000074966,1,ENSG00000074966,TXK,114,22,True
7297,ENSG00000105397,1,ENSG00000105397,TYK2,948,24,True
7298,ENSG00000176890,1,ENSG00000176890,TYMS,647,24,True
7301,ENSG00000092445,1,ENSG00000092445,TYRO3,491,25,True
7389,ENSG00000126088,1,ENSG00000126088,UROD,150,22,True
7421,ENSG00000111424,1,ENSG00000111424,VDR,3851,25,True
7442,ENSG00000196689,1,ENSG00000196689,TRPV1,1274,25,True
7498,ENSG00000158125,1,ENSG00000158125,XDH,1779,25,True
7525,ENSG00000176105,1,ENSG00000176105,YES1,237,23,True
7535,ENSG00000115085,1,ENSG00000115085,ZAP70,561,23,True
7786,ENSG00000139625,1,ENSG00000139625,MAP3K12,908,23,True
7837,ENSG00000130508,1,ENSG00000130508,PXDN,2886,23,True
8288,ENSG00000121053,1,ENSG00000121053,EPX,254,22,True
8396,ENSG00000276293,1,ENSG00000276293,PIP4K2B,338,19,True
8408,ENSG00000177169,1,ENSG00000177169,ULK1,528,25,True
8428,ENSG00000102572,1,ENSG00000102572,STK24,225,24,True
8431,ENSG00000131910,1,ENSG00000131910,NR0B2,547,24,True
8445,ENSG00000127334,1,ENSG00000127334,DYRK2,1235,23,True
8491,ENSG00000011566,1,ENSG00000011566,MAP4K3,187,23,True
8529,ENSG00000186115,1,ENSG00000186115,CYP4F2,1053,24,True
8566,ENSG00000160209,1,ENSG00000160209,PDXK,147,21,True
8569,ENSG00000079277,1,ENSG00000079277,MKNK1,172,23,True
8576,ENSG00000115661,1,ENSG00000115661,STK16,47,18,True
8647,ENSG00000073734,1,ENSG00000073734,ABCB11,774,24,True
8654,ENSG00000138735,1,ENSG00000138735,PDE5A,723,25,True
8711,ENSG00000174292,1,ENSG00000174292,TNK1,61,20,True
8737,ENSG00000137275,1,ENSG00000137275,RIPK1,655,25,True
8767,ENSG00000104312,1,ENSG00000104312,RIPK2,307,25,True
8843,ENSG00000255398,1,ENSG00000255398,HCAR3,109,22,True
8856,ENSG00000144852,1,ENSG00000144852,NR1I2,454,24,True
8899,ENSG00000112739,1,ENSG00000112739,PRP4K,63,21,True
8905,ENSG00000182287,1,ENSG00000182287,AP1S2,211,21,True
8913,ENSG00000006283,1,ENSG00000006283,CACNA1G,1534,24,True
8973,ENSG00000147434,1,ENSG00000147434,CHRNA6,89,20,True
8989,ENSG00000104321,1,ENSG00000104321,TRPA1,764,25,True
8999,ENSG00000138769,1,ENSG00000138769,CDKL2,112,19,True
9024,ENSG00000174672,1,ENSG00000174672,BRSK2,131,18,True
9088,ENSG00000127564,1,ENSG00000127564,PKMYT1,128,20,True
9113,ENSG00000131023,1,ENSG00000131023,LATS1,491,24,True
9120,ENSG00000108932,1,ENSG00000108932,SLC16A6,56,22,True
9121,ENSG00000170190,1,ENSG00000170190,SLC16A5,68,18,True
9149,ENSG00000105204,1,ENSG00000105204,DYRK1B,339,22,True
9152,ENSG00000165970,1,ENSG00000165970,SLC6A5,1826,23,True
9177,ENSG00000149305,1,ENSG00000149305,HTR3B,93,20,True
9197,ENSG00000169359,1,ENSG00000169359,SLC33A1,693,21,True
9201,ENSG00000133083,1,ENSG00000133083,DCLK1,471,23,True
9212,ENSG00000178999,1,ENSG00000178999,AURKB,448,23,True
9254,ENSG00000007402,1,ENSG00000007402,CACNA2D2,2739,22,True
9349,ENSG00000125691,1,ENSG00000125691,RPL23,108,20,True
9376,ENSG00000149452,1,ENSG00000149452,SLC22A8,223,23,True
9420,ENSG00000172817,1,ENSG00000172817,CYP7B1,425,24,True
9448,ENSG00000071054,1,ENSG00000071054,MAP4K4,281,21,True
9475,ENSG00000134318,1,ENSG00000134318,ROCK2,1089,25,True
9476,ENSG00000131400,1,ENSG00000131400,NAPSA,254,22,True
9568,ENSG00000136928,1,ENSG00000136928,GABBR2,270,23,True
9578,ENSG00000198752,1,ENSG00000198752,CDC42BPB,94,20,True
9706,ENSG00000083290,1,ENSG00000083290,ULK2,150,21,True
9874,ENSG00000198586,1,ENSG00000198586,TLK1,167,19,True
9891,ENSG00000074590,1,ENSG00000074590,NUAK1,198,22,True
9899,ENSG00000185518,1,ENSG00000185518,SV2B,300,23,True
9943,ENSG00000172939,1,ENSG00000172939,OXSR1,84,22,True
9970,ENSG00000143257,1,ENSG00000143257,NR1I3,241,24,True
9971,ENSG00000012504,1,ENSG00000012504,NR1H4,1196,25,True
10062,ENSG00000025434,1,ENSG00000025434,NR1H3,715,24,True
10114,ENSG00000110422,1,ENSG00000110422,HIPK3,340,22,True
10135,ENSG00000105835,1,ENSG00000105835,NAMPT,909,25,True
10170,ENSG00000073737,1,ENSG00000073737,DHRS9,151,19,True
10188,ENSG00000061938,1,ENSG00000061938,TNK2,189,21,True
10239,ENSG00000157823,1,ENSG00000157823,AP3S2,33,18,True
10257,ENSG00000125257,1,ENSG00000125257,ABCC4,422,22,True
10327,ENSG00000117448,1,ENSG00000117448,AKR1A1,551,24,True
10420,ENSG00000070759,1,ENSG00000070759,TESK2,36,17,True
10494,ENSG00000115694,1,ENSG00000115694,STK25,112,19,True
10557,ENSG00000152464,1,ENSG00000152464,RPP38,28,19,True
10595,ENSG00000134398,1,ENSG00000134398,ERN2,85,20,True
10599,ENSG00000134538,1,ENSG00000134538,SLCO1B1,743,23,True
10682,ENSG00000147155,1,ENSG00000147155,EBP,453,21,True
10733,ENSG00000142731,1,ENSG00000142731,PLK4,370,23,True
10746,ENSG00000169967,1,ENSG00000169967,MAP3K2,170,22,True
10786,ENSG00000124564,1,ENSG00000124564,SLC17A3,108,17,True
10800,ENSG00000173198,1,ENSG00000173198,CYSLTR1,294,24,True
10846,ENSG00000112541,1,ENSG00000112541,PDE10A,764,23,True
10858,ENSG00000036530,1,ENSG00000036530,CYP46A1,198,25,True
10864,ENSG00000137204,1,ENSG00000137204,SLC22A7,406,23,True
11011,ENSG00000146872,1,ENSG00000146872,TLK2,110,21,True
11035,ENSG00000129465,1,ENSG00000129465,RIPK3,633,25,True
11113,ENSG00000122966,1,ENSG00000122966,CIT,1916,24,True
11154,ENSG00000100478,1,ENSG00000100478,AP4S1,59,11,True
11183,ENSG00000012983,1,ENSG00000012983,MAP4K5,322,18,True
11184,ENSG00000104814,1,ENSG00000104814,MAP4K1,269,23,True
11213,ENSG00000090376,1,ENSG00000090376,IRAK3,457,24,True
11222,ENSG00000114686,1,ENSG00000114686,MRPL3,189,22,True
11224,ENSG00000136942,1,ENSG00000136942,RPL35,83,20,True
11238,ENSG00000169239,1,ENSG00000169239,CA5B,89,20,True
11251,ENSG00000183134,1,ENSG00000183134,PTGDR2,242,25,True
11254,ENSG00000268104,1,ENSG00000268104,SLC6A14,155,22,True
11255,ENSG00000101180,1,ENSG00000101180,HRH3,267,22,True
11280,ENSG00000168356,1,ENSG00000168356,SCN11A,618,24,True
11309,ENSG00000137491,1,ENSG00000137491,SLCO2B1,156,22,True
11329,ENSG00000112079,1,ENSG00000112079,STK38,542,24,True
11343,ENSG00000074416,1,ENSG00000074416,MGLL,397,25,True
22848,ENSG00000115977,1,ENSG00000115977,AAK1,315,23,True
22858,ENSG00000112144,1,ENSG00000112144,CILK1,2689,22,True
22937,ENSG00000114650,1,ENSG00000114650,SCAP,208,23,True
22949,ENSG00000106853,1,ENSG00000106853,PTGR1,109,22,True
22983,ENSG00000105613,1,ENSG00000105613,MAST1,840,21,True
22987,ENSG00000122012,1,ENSG00000122012,SV2C,93,21,True
23097,ENSG00000155111,1,ENSG00000155111,CDK19,159,22,True
23178,ENSG00000115687,1,ENSG00000115687,PASK,116,20,True
23235,ENSG00000170145,1,ENSG00000170145,SIK2,201,21,True
23387,ENSG00000160584,1,ENSG00000160584,SIK3,2385,23,True
23476,ENSG00000141867,1,ENSG00000141867,BRD4,2449,25,True
23521,ENSG00000142541,1,ENSG00000142541,RPL13A,144,20,True
23539,ENSG00000100156,1,ENSG00000100156,SLC16A8,164,18,True
23621,ENSG00000186318,1,ENSG00000186318,BACE1,1059,23,True
23683,ENSG00000115825,1,ENSG00000115825,PRKD3,833,21,True
25825,ENSG00000182240,1,ENSG00000182240,BACE2,583,23,True
25865,ENSG00000105287,1,ENSG00000105287,PRKD2,104,20,True
25989,ENSG00000140474,1,ENSG00000140474,ULK3,158,22,True
26524,ENSG00000150457,1,ENSG00000150457,LATS2,481,24,True
26576,ENSG00000184343,1,ENSG00000184343,SRPK3,160,17,True
27115,ENSG00000171408,1,ENSG00000171408,PDE7B,235,23,True
27148,ENSG00000163482,1,ENSG00000163482,STK36,841,21,True
27159,ENSG00000134216,1,ENSG00000134216,CHIA,117,20,True
27198,ENSG00000196917,1,ENSG00000196917,HCAR1,1051,23,True
27347,ENSG00000198648,1,ENSG00000198648,STK39,667,24,True
28234,ENSG00000111700,1,ENSG00000111700,SLCO1B3,621,23,True
28968,ENSG00000063127,1,ENSG00000063127,SLC6A16,25,13,True
28996,ENSG00000064393,1,ENSG00000064393,HIPK2,1877,24,True
28998,ENSG00000172172,1,ENSG00000172172,MRPL13,91,22,True
29088,ENSG00000137547,1,ENSG00000137547,MRPL15,67,21,True
29093,ENSG00000082515,1,ENSG00000082515,MRPL22,57,20,True
29110,ENSG00000183735,1,ENSG00000183735,TBK1,787,24,True
29785,ENSG00000167600,1,ENSG00000167600,CYP2S1,89,18,True
29881,ENSG00000015520,1,ENSG00000015520,NPC1L1,352,22,True
29994,ENSG00000123636,1,ENSG00000123636,BAZ2B,137,20,True
50488,ENSG00000141503,1,ENSG00000141503,MINK1,686,22,True
50940,ENSG00000128655,1,ENSG00000128655,PDE11A,175,20,True
51069,ENSG00000112651,1,ENSG00000112651,MRPL2,34,14,True
51073,ENSG00000105364,1,ENSG00000105364,MRPL4,56,17,True
51086,ENSG00000116783,1,ENSG00000116783,TNNI3K,261,22,True
51121,ENSG00000037241,1,ENSG00000037241,RPL26L1,151,18,True
51135,ENSG00000198001,1,ENSG00000198001,IRAK4,391,24,True
51154,ENSG00000053372,1,ENSG00000053372,MRTO4,35,15,True
51187,ENSG00000137876,1,ENSG00000137876,RSL24D1,66,19,True
51265,ENSG00000006837,1,ENSG00000006837,CDKL3,58,17,True
51284,ENSG00000196664,1,ENSG00000196664,TLR7,1226,25,True
51302,ENSG00000146233,1,ENSG00000146233,CYP39A1,103,20,True
51319,ENSG00000174891,1,ENSG00000174891,RSRC1,85,22,True
51393,ENSG00000187688,1,ENSG00000187688,TRPV2,304,24,True
51582,ENSG00000155096,1,ENSG00000155096,AZIN1,133,23,True
51701,ENSG00000087095,1,ENSG00000087095,NLK,413,23,True
51765,ENSG00000134602,1,ENSG00000134602,STK26,233,22,True
51776,ENSG00000091436,1,ENSG00000091436,MAP3K20,407,24,True
53834,ENSG00000127418,1,ENSG00000127418,FGFRL1,3279,23,True
53944,ENSG00000169118,1,ENSG00000169118,CSNK1G1,66,18,True
54575,ENSG00000242515,1,ENSG00000242515,UGT1A10,85,19,True
54577,ENSG00000244122,1,ENSG00000244122,UGT1A7,119,20,True
54578,ENSG00000167165,1,ENSG00000167165,UGT1A6,234,23,True
54600,ENSG00000241119,1,ENSG00000241119,UGT1A9,153,21,True
54658,ENSG00000241635,1,ENSG00000241635,UGT1A1,488,24,True
54716,ENSG00000163817,1,ENSG00000163817,SLC6A20,580,22,True
54861,ENSG00000163788,1,ENSG00000163788,SNRK,160,20,True
54905,ENSG00000073067,1,ENSG00000073067,CYP2W1,63,17,True
54948,ENSG00000166902,1,ENSG00000166902,MRPL16,23,15,True
54963,ENSG00000198276,1,ENSG00000198276,UCKL1,72,21,True
55117,ENSG00000072041,1,ENSG00000072041,SLC6A15,110,21,True
55244,ENSG00000142494,1,ENSG00000142494,SLC47A1,214,22,True
55359,ENSG00000060140,1,ENSG00000060140,STYK1,111,20,True
55503,ENSG00000165125,1,ENSG00000165125,TRPV6,239,24,True
55530,ENSG00000166111,1,ENSG00000166111,SVOP,32,15,True
55584,ENSG00000174343,1,ENSG00000174343,CHRNA9,204,21,True
55589,ENSG00000138756,1,ENSG00000138756,BMP2K,423,21,True
55604,ENSG00000079691,1,ENSG00000079691,CARMIL1,113,23,True
55651,ENSG00000145912,1,ENSG00000145912,NHP2,97,19,True
55781,ENSG00000058729,1,ENSG00000058729,RIOK2,139,23,True
55799,ENSG00000157445,1,ENSG00000157445,CACNA2D3,352,23,True
55867,ENSG00000168065,1,ENSG00000168065,SLC22A11,74,21,True
55872,ENSG00000168078,1,ENSG00000168078,PBK,443,22,True
56302,ENSG00000127412,1,ENSG00000127412,TRPV5,673,23,True
56342,ENSG00000130810,1,ENSG00000130810,PPAN,42,20,True
56413,ENSG00000213906,1,ENSG00000213906,LTB4R2,130,23,True
56606,ENSG00000109667,1,ENSG00000109667,SLC2A9,978,23,True
56924,ENSG00000137843,1,ENSG00000137843,PAK6,170,21,True
56934,ENSG00000154975,1,ENSG00000154975,CA10,102,21,True
56997,ENSG00000163050,1,ENSG00000163050,COQ8A,1233,21,True
57016,ENSG00000198074,1,ENSG00000198074,AKR1B10,441,22,True
57053,ENSG00000129749,1,ENSG00000129749,CHRNA10,96,16,True
57105,ENSG00000152207,1,ENSG00000152207,CYSLTR2,239,23,True
57107,ENSG00000164494,1,ENSG00000164494,PDSS2,653,21,True
57144,ENSG00000101349,1,ENSG00000101349,PAK5,140,22,True
57396,ENSG00000113240,1,ENSG00000113240,CLK4,81,19,True
57404,ENSG00000119004,1,ENSG00000119004,CYP20A1,165,20,True
57685,ENSG00000158966,1,ENSG00000158966,CACHD1,254,23,True
57704,ENSG00000070610,1,ENSG00000070610,GBA2,213,20,True
57787,ENSG00000007047,1,ENSG00000007047,MARK4,171,21,True
57834,ENSG00000171903,1,ENSG00000171903,CYP4F11,1194,23,True
58190,ENSG00000144579,1,ENSG00000144579,CTDSP1,57,18,True
59340,ENSG00000134489,1,ENSG00000134489,HRH4,560,24,True
59344,ENSG00000179148,1,ENSG00000179148,ALOXE3,355,21,True
60482,ENSG00000115665,1,ENSG00000115665,SLC5A7,358,22,True
63027,ENSG00000137266,1,ENSG00000137266,SLC22A23,102,21,True
64747,ENSG00000118855,1,ENSG00000118855,MFSD1,315,19,True
64805,ENSG00000169313,1,ENSG00000169313,P2RY12,482,24,True
64816,ENSG00000021461,1,ENSG00000021461,CYP3A43,183,20,True
64850,ENSG00000164089,1,ENSG00000164089,ETNPPL,131,18,True
64902,ENSG00000113492,1,ENSG00000113492,AGXT2,247,21,True
65003,ENSG00000174547,1,ENSG00000174547,MRPL11,33,18,True
66002,ENSG00000186204,1,ENSG00000186204,CYP4F12,1232,23,True
66035,ENSG00000133460,1,ENSG00000133460,SLC2A11,58,18,True
79837,ENSG00000166908,1,ENSG00000166908,PIP4K2C,313,22,True
79858,ENSG00000114670,1,ENSG00000114670,NEK11,88,20,True
80122,ENSG00000176601,1,ENSG00000176601,MAP3K19,67,20,True
80153,ENSG00000179151,1,ENSG00000179151,EDC3,76,20,True
81551,ENSG00000015592,1,ENSG00000015592,STMN4,154,21,True
81788,ENSG00000163545,1,ENSG00000163545,NUAK2,268,22,True
83592,ENSG00000165568,1,ENSG00000165568,AKR1E2,56,20,True
83732,ENSG00000124784,1,ENSG00000124784,RIOK1,87,22,True
83758,ENSG00000139194,1,ENSG00000139194,RBP5,61,19,True
83903,ENSG00000177602,1,ENSG00000177602,HASPIN,79,19,True
84254,ENSG00000004660,1,ENSG00000004660,CAMKK1,80,21,True
84446,ENSG00000160469,1,ENSG00000160469,BRSK1,74,18,True
84451,ENSG00000143674,1,ENSG00000143674,MAP3K21,80,21,True
85007,ENSG00000175309,1,ENSG00000175309,PHYKPL,99,19,True
85443,ENSG00000163673,1,ENSG00000163673,DCLK3,299,24,True
89832,ENSG00000166664,1,ENSG00000166664,CHRFAM7A,1061,22,True
91461,ENSG00000162878,1,ENSG00000162878,PKDCC,2745,22,True
93100,ENSG00000147813,1,ENSG00000147813,NAPRT,126,22,True
93589,ENSG00000151062,1,ENSG00000151062,CACNA2D4,614,23,True
113655,ENSG00000167700,1,ENSG00000167700,SLC33A2,34,14,True
114571,ENSG00000149742,1,ENSG00000149742,SLC22A9,42,15,True
116085,ENSG00000197891,1,ENSG00000197891,SLC22A12,385,22,True
116362,ENSG00000162444,1,ENSG00000162444,RBP7,90,20,True
116832,ENSG00000163923,1,ENSG00000163923,RPL39L,151,20,True
117144,ENSG00000175294,1,ENSG00000175294,CATSPER1,116,19,True
117247,ENSG00000112394,1,ENSG00000112394,SLC16A10,330,23,True
118881,ENSG00000165644,1,ENSG00000165644,COMTD1,39,17,True
120892,ENSG00000188906,1,ENSG00000188906,LRRK2,915,23,True
122011,ENSG00000180138,1,ENSG00000180138,CSNK1A1L,26,13,True
122706,ENSG00000222028,1,ENSG00000222028,PSMB11,210,19,True
124976,ENSG00000183018,1,ENSG00000183018,SPNS2,2527,24,True
126129,ENSG00000169169,1,ENSG00000169169,CPT1C,315,22,True
126410,ENSG00000171954,1,ENSG00000171954,CYP4F22,243,21,True
128240,ENSG00000163382,1,ENSG00000163382,NAXE,120,20,True
130340,ENSG00000152056,1,ENSG00000152056,AP1S3,118,21,True
131890,ENSG00000114124,1,ENSG00000114124,GRK7,26,16,True
134957,ENSG00000164506,1,ENSG00000164506,STXBP5,132,21,True
137682,ENSG00000156170,1,ENSG00000156170,NDUFAF6,112,21,True
137902,ENSG00000147485,1,ENSG00000147485,PXDNL,92,21,True
139596,ENSG00000094841,1,ENSG00000094841,UPRT,76,19,True
140801,ENSG00000165496,1,ENSG00000165496,RPL10L,156,20,True
140901,ENSG00000125834,1,ENSG00000125834,STK35,793,21,True
143471,ENSG00000154611,1,ENSG00000154611,PSMA8,305,22,True
144195,ENSG00000173262,1,ENSG00000173262,SLC2A14,152,21,True
145482,ENSG00000140043,1,ENSG00000140043,PTGR2,213,17,True
146206,ENSG00000159753,1,ENSG00000159753,CARMIL2,212,20,True
146802,ENSG00000180638,1,ENSG00000180638,SLC47A2,125,18,True
147746,ENSG00000160396,1,ENSG00000160396,HIPK4,167,18,True
150094,ENSG00000142178,1,ENSG00000142178,SIK1,291,23,True
155184,ENSG00000197241,1,ENSG00000197241,SLC2A7,29,16,True
162466,ENSG00000173868,1,ENSG00000173868,PHOSPHO1,1319,21,True
162514,ENSG00000167723,1,ENSG00000167723,TRPV3,933,23,True
162515,ENSG00000174326,1,ENSG00000174326,SLC16A11,42,16,True
169355,ENSG00000188676,1,ENSG00000188676,IDO2,473,23,True
170572,ENSG00000178084,1,ENSG00000178084,HTR3C,60,15,True
197259,ENSG00000168404,1,ENSG00000168404,MLKL,616,24,True
199974,ENSG00000186160,1,ENSG00000186160,CYP4Z1,71,17,True
200909,ENSG00000186090,1,ENSG00000186090,HTR3D,56,15,True
200959,ENSG00000183185,1,ENSG00000183185,GABRR3,26,14,True
201305,ENSG00000182557,1,ENSG00000182557,SPNS3,75,15,True
204851,ENSG00000163349,1,ENSG00000163349,HIPK1,95,20,True
220074,ENSG00000284922,1,ENSG00000284922,LRTOMT,714,19,True
220963,ENSG00000165449,1,ENSG00000165449,SLC16A9,104,20,True
221656,ENSG00000165097,1,ENSG00000165097,KDM1B,89,20,True
222642,ENSG00000112212,1,ENSG00000112212,TSPO2,91,17,True
225689,ENSG00000181085,1,ENSG00000181085,MAPK15,112,20,True
255239,ENSG00000170209,1,ENSG00000170209,ANKK1,153,22,True
259232,ENSG00000102452,1,ENSG00000102452,NALCN,419,24,True
260293,ENSG00000186377,1,ENSG00000186377,CYP4X1,82,19,True
284273,ENSG00000180011,1,ENSG00000180011,PTGR3,55,19,True
284541,ENSG00000162365,1,ENSG00000162365,CYP4A22,302,20,True
284656,ENSG00000183317,1,ENSG00000183317,EPHA10,132,20,True
285220,ENSG00000080224,1,ENSG00000080224,EPHA6,254,23,True
285242,ENSG00000186038,1,ENSG00000186038,HTR3E,53,14,True
285440,ENSG00000145476,1,ENSG00000145476,CYP4V2,822,21,True
285855,ENSG00000146223,1,ENSG00000146223,RPL7L1,397,21,True
338442,ENSG00000182782,1,ENSG00000182782,HCAR2,249,24,True
339761,ENSG00000186684,1,ENSG00000186684,CYP27C1,28,17,True
340024,ENSG00000174358,1,ENSG00000174358,SLC6A19,524,21,True
340273,ENSG00000004846,1,ENSG00000004846,ABCB5,1297,23,True
340665,ENSG00000187553,1,ENSG00000187553,CYP26C1,74,22,True
348932,ENSG00000164363,1,ENSG00000164363,SLC6A18,317,20,True
374569,ENSG00000166183,1,ENSG00000166183,ASPG,348,22,True
374887,ENSG00000250067,1,ENSG00000250067,YJEFN3,37,15,True
377677,ENSG00000185015,1,ENSG00000185015,CA13,49,17,True
387601,ENSG00000196600,1,ENSG00000196600,SLC22A25,42,17,True
387700,ENSG00000152779,1,ENSG00000152779,SLC16A12,68,21,True
387775,ENSG00000184999,1,ENSG00000184999,SLC22A10,55,19,True
388228,ENSG00000188322,1,ENSG00000188322,SBK1,462,19,True
388662,ENSG00000197106,1,ENSG00000197106,SLC6A17,50,16,True
441282,ENSG00000227471,1,ENSG00000227471,AKR1B15,220,19,True
494551,ENSG00000214102,1,ENSG00000214102,WEE2,43,16,True
643834,ENSG00000229859,1,ENSG00000229859,PGA3,51,18,True
643847,ENSG00000229183,1,ENSG00000229183,PGA4,36,17,True
646480,ENSG00000205186,1,ENSG00000205186,FABP9,45,19,True
646486,ENSG00000197416,1,ENSG00000197416,FABP12,22,16,True
723961,ENSG00000129965,1,ENSG00000129965,INS-IGF2,3,2,True
729230,ENSG00000121807,1,ENSG00000121807,CCR2,1925,25,True
100526842,ENSG00000215472,1,ENSG00000215472,RPL17-C18orf32,0,0,False
