drug,smiles
CID000000119,C(CC(=O)O)CN
CID000000191,C1=NC(=C2C(=N1)N(C=N2)C3C(C(C(O3)CO)O)O)N
CID000000271,[Ca+2]
CID000000444,CC(C(=O)C1=CC(=CC=C1)Cl)NC(C)(C)C
CID000000564,C(CCC(=O)O)CCN
CID000000598,C(CS(=O)(=O)O)S
CID000000838,CNCC(C1=CC(=C(C=C1)O)O)O
CID000000937,C1=CC(=CN=C1)C(=O)[O-]
CID000000942,CN1CCCC1C2=CN=CC=C2
CID000001046,C1=CN=C(C=N1)C(=O)N
CID000001065,COC1=CC2=C(C=CN=C2C=C1)C(C3CC4CCN3CC4C=C)O
CID000001206,CC(CC1=CC=CC=C1)NC
CID000001775,C1=CC=C(C=C1)C2(C(=O)NC(=O)N2)C3=CC=CC=C3
CID000001972,CC1C=CC=CC=CC=CC=CC=CC=CC(CC2C(C(CC(O2)(CC(CC(C(CCC(CC(CC(=O)OC(C(C1O)C)C)O)O)O)O)O)O)O)C(=O)O)OC3C(C(C(C(O3)C)O)N)O
CID000001978,CCCC(=O)NC1=CC(=C(C=C1)OCC(CNC(C)C)O)C(=O)C
CID000001983,CC(=O)NC1=CC=C(C=C1)O
CID000001986,CC(=O)NC1=NN=C(S1)S(=O)(=O)N
CID000002083,CC(C)(C)NCC(C1=CC(=C(C=C1)O)CO)O
CID000002088,C(CC(O)(P(=O)(O)O)P(=O)(O)O)CN
CID000002092,CN(CCCNC(=O)C1CCCO1)C2=NC3=CC(=C(C=C3C(=N2)N)OC)OC
CID000002099,CC1=C(N=CN1)CN2CCC3=C(C2=O)C4=CC=CC=C4N3C
CID000002118,CC1=NN=C2N1C3=C(C=C(C=C3)Cl)C(=NC2)C4=CC=CC=C4
CID000002130,C1C2CC3CC1CC(C2)(C3)N
CID000002141,C(CN)CNCCSP(=O)(O)O
CID000002153,CN1C2=C(C(=O)N(C1=O)C)NC=N2
CID000002156,CCCCC1=C(C2=CC=CC=C2O1)C(=O)C3=CC(=C(C(=C3)I)OCC[NH+](CC)CC)I
CID000002160,CN(C)CCC=C1C2=CC=CC=C2CCC3=CC=CC=C31
CID000002162,CCOC(=O)C1=C(NC(=C(C1C2=CC=CC=C2Cl)C(=O)OC)C)COCCN
CID000002170,C1CN(CCN1)C2=NC3=CC=CC=C3OC4=C2C=C(C=C4)Cl
CID000002182,C1C2=C(C=CC(=C2Cl)Cl)NC3=NC(=O)CN31
CID000002187,CC(C)(C#N)C1=CC(=CC(=C1)CN2C=NC=N2)C(C)(C)C#N
CID000002215,CN1CCC2=C3C1CC4=C(C3=CC=C2)C(=C(C=C4)O)O
CID000002244,CC(=O)OC1=CC=CC=C1C(=O)O
CID000002249,CC(C)NCC(COC1=CC=C(C=C1)CC(=O)N)O
CID000002266,C(CCCC(=O)O)CCCC(=O)O
CID000002267,CN1CCCC(CC1)N2C(=O)C3=CC=CC=C3C(=N2)CC4=CC=C(C=C4)Cl
CID000002284,C1=CC(=CC=C1C(CC(=O)O)CN)Cl
CID000002369,CC(C)NCC(COC1=CC=C(C=C1)CCOCC2CC2)O
CID000002370,CC(C[N+](C)(C)C)OC(=O)N
CID000002375,CC(CS(=O)(=O)C1=CC=C(C=C1)F)(C(=O)NC2=CC(=C(C=C2)C#N)C(F)(F)F)O
CID000002405,CC(C)NCC(COC1=CC=C(C=C1)COCCOC(C)C)O
CID000002435,C1CN=C(N1)NC2=C(C3=NC=CN=C3C=C2)Br
CID000002474,CCCCN1CCCCC1C(=O)NC2=C(C=CC=C2C)C
CID000002476,CC(C)(C)C(C)(C1CC23CCC1(C4C25CCN(C3CC6=C5C(=C(C=C6)O)O4)CC7CC7)OC)O
CID000002477,C1CCC2(C1)CC(=O)N(C(=O)C2)CCCCN3CCN(CC3)C4=NC=CC=N4
CID000002519,CN1C=NC2=C1C(=O)N(C(=O)N2C)C
CID000002520,CC(C)C(CCCN(C)CCC1=CC(=C(C=C1)OC)OC)(C#N)C2=CC(=C(C=C2)OC)OC
CID000002541,CCOC1=NC2=CC=CC(=C2N1CC3=CC=C(C=C3)C4=CC=CC=C4C5=NNN=N5)C(=O)O
CID000002551,C[N+](C)(C)CCOC(=O)N
CID000002578,C(CCl)NC(=O)N(CCCl)N=O
CID000002585,COC1=CC=CC=C1OCCNCC(COC2=CC=CC3=C2C4=CC=CC=C4N3)O
CID000002662,CC1=CC=C(C=C1)C2=CC(=NN2C3=CC=C(C=C3)S(=O)(=O)N)C(F)(F)F
CID000002678,C1CN(CCN1CCOCC(=O)O)C(C2=CC=CC=C2)C3=CC=C(C=C3)Cl
CID000002708,C1=CC(=CC=C1CCCC(=O)O)N(CCCl)CCCl
CID000002712,CN=C1CN(C(=C2C=C(C=CC2=N1)Cl)C3=CC=CC=C3)O
CID000002719,CCN(CC)CCCC(C)NC1=C2C=CC(=CC2=NC=C1)Cl
CID000002725,CN(C)CCC(C1=CC=C(C=C1)Cl)C2=CC=CC=N2
CID000002726,CN(C)CCCN1C2=CC=CC=C2SC3=C1C=C(C=C3)Cl
CID000002732,C1=CC=C2C(=C1)C(=O)NC2(C3=CC(=C(C=C3)Cl)S(=O)(=O)N)O
CID000002733,C1=CC2=C(C=C1Cl)NC(=O)O2
CID000002756,CC1=C(N=CN1)CSCCNC(=NC)NC#N
CID000002764,C1CC1N2C=C(C(=O)C3=CC(=C(C=C32)N4CCNCC4)F)C(=O)O
CID000002771,CN(C)CCCC1(C2=C(CO1)C=C(C=C2)C#N)C3=CC=C(C=C3)F
CID000002801,CN(C)CCCN1C2=CC=CC=C2CCC3=C1C=C(C=C3)Cl
CID000002802,C1C(=O)NC2=C(C=C(C=C2)[N+](=O)[O-])C(=N1)C3=CC=CC=C3Cl
CID000002803,C1CN=C(N1)NC2=C(C=CC=C2Cl)Cl
CID000002812,C1=CC=C(C=C1)C(C2=CC=CC=C2)(C3=CC=CC=C3Cl)N4C=CN=C4
CID000002818,CN1CCN(CC1)C2=C3C=CC=CC3=NC4=C(N2)C=C(C=C4)Cl
CID000002955,C1=CC(=CC=C1N)S(=O)(=O)C2=CC=C(C=C2)N
CID000002973,CC(=O)N(CCCCCNC(=O)CCC(=O)N(CCCCCNC(=O)CCC(=O)N(CCCCCN)O)O)O
CID000002995,CNCCCN1C2=CC=CC=C2CCC3=CC=CC=C31
CID000003007,CC(CC1=CC=CC=C1)N
CID000003016,CN1C(=O)CN=C(C2=C1C=CC(=C2)Cl)C3=CC=CC=C3
CID000003032,C1=CC=C(C(=C1)CC(=O)[O-])NC2=C(C=CC=C2Cl)Cl
CID000003042,CCN(CC)CCOC(=O)C1(CCCCC1)C2CCCCC2
CID000003059,C1=CC(=C(C=C1C2=C(C=C(C=C2)F)F)C(=O)O)O
CID000003066,CC1(C(=O)N2C(C(=O)N3CCCC3C2(O1)O)CC4=CC=CC=C4)NC(=O)C5CC6C(CC7=CNC8=CC=CC6=C78)N(C5)C
CID000003108,C1CCN(CC1)C2=NC(=NC3=C2N=C(N=C3N4CCCCC4)N(CCO)CCO)N(CCO)CCO
CID000003114,CC(C)N(CCC(C1=CC=CC=C1)(C2=CC=CC=N2)C(=O)N)C(C)C
CID000003117,CCN(CC)C(=S)SSC(=S)N(CC)CC
CID000003121,CCCC(CCC)C(=O)O
CID000003148,C1C2CC3CC(CC1N3CC2=O)OC(=O)C4=CNC5=CC=CC=C54
CID000003152,COC1=C(C=C2C(=C1)CC(C2=O)CC3CCN(CC3)CC4=CC=CC=C4)OC
CID000003157,COC1=C(C=C2C(=C1)C(=NC(=N2)N3CCN(CC3)C(=O)C4COC5=CC=CC=C5O4)N)OC
CID000003158,CN(C)CCC=C1C2=CC=CC=C2COC3=CC=CC=C31
CID000003168,C1CN(CC=C1N2C3=CC=CC=C3NC2=O)CCCC(=O)C4=CC=C(C=C4)F
CID000003198,C1=CC(=CC=C1COC(CN2C=CN=C2)C3=C(C=C(C=C3)Cl)Cl)Cl
CID000003278,CCC(=C)C(=O)C1=C(C(=C(C=C1)OCC(=O)O)Cl)Cl
CID000003308,CCC1=C2C(=CC=C1)C3=C(N2)C(OCC3)(CC)CC(=O)O
CID000003325,C1=C(N=C(S1)N=C(N)N)CSCCC(=NS(=O)(=O)N)N
CID000003333,CCOC(=O)C1=C(NC(=C(C1C2=C(C(=CC=C2)Cl)Cl)C(=O)OC)C)C
CID000003339,CC(C)OC(=O)C(C)(C)OC1=CC=C(C=C1)C(=O)C2=CC=C(C=C2)Cl
CID000003345,CCC(=O)N(C1CCN(CC1)CCC2=CC=CC=C2)C3=CC=CC=C3
CID000003348,CC(C)(C1=CC=C(C=C1)C(CCCN2CCC(CC2)C(C3=CC=CC=C3)(C4=CC=CC=C4)O)O)C(=O)O
CID000003355,C1CCNC(C1)C[NH2+]C(=O)C2=C(C=CC(=C2)OCC(F)(F)F)OCC(F)(F)F
CID000003372,C1CN(CCN1CCCN2C3=CC=CC=C3SC4=C2C=C(C=C4)C(F)(F)F)CCO
CID000003373,CCOC(=O)C1=C2CN(C(=O)C3=C(N2C=N1)C=CC(=C3)F)C
CID000003385,C1=C(C(=O)NC(=O)N1)F
CID000003386,CNCCC(C1=CC=CC=C1)OC2=CC=C(C=C2)C(F)(F)F
CID000003394,CC(C1=CC(=C(C=C1)C2=CC=CC=C2)F)C(=O)O
CID000003397,CC(C)C(=O)NC1=CC(=C(C=C1)[N+](=O)[O-])C(F)(F)F
CID000003404,COCCCCC(=NOCCN)C1=CC=C(C=C1)C(F)(F)F
CID000003410,CC(CC1=CC=C(C=C1)OC)NCC(C2=CC(=C(C=C2)O)NC=O)O
CID000003414,C(=O)([O-])P(=O)([O-])[O-]
CID000003440,C1=COC(=C1)CNC2=CC(=C(C=C2C(=O)O)S(=O)(=O)N)Cl
CID000003446,C1CCC(CC1)(CC(=O)O)CN
CID000003463,CC1=CC(=C(C=C1)C)OCCCC(C)(C)C(=O)O
CID000003478,CC1=CN=C(C=N1)C(=O)NCCC2=CC=C(C=C2)S(=O)(=O)NC(=O)NC3CCCCC3
CID000003488,COC1=C(C=C(C=C1)Cl)C(=O)NCCC2=CC=C(C=C2)S(=O)(=O)NC(=O)NC3CCCCC3
CID000003494,C[N+]1(CCC(C1)OC(=O)C(C2CCCC2)(C3=CC=CC=C3)O)C
CID000003510,CN1C2CCCC1CC(C2)NC(=O)C3=NN(C4=CC=CC=C43)C
CID000003559,C1CN(CCC1(C2=CC=C(C=C2)Cl)O)CCCC(=O)C3=CC=C(C=C3)F
CID000003637,C1=CC=C2C(=C1)C=NN=C2NN
CID000003639,C1NC2=CC(=C(C=C2S(=O)(=O)N1)S(=O)(=O)N)Cl
CID000003657,C(=O)(N)NO
CID000003658,C1CN(CCN1CCOCCO)C(C2=CC=CC=C2)C3=CC=C(C=C3)Cl
CID000003661,CN1C2CCC1CC(C2)OC(=O)C(CO)C3=CC=CC=C3
CID000003672,CC(C)CC1=CC=C(C=C1)C(C)C(=O)O
CID000003675,C1=CC=C(C=C1)CCNN
CID000003676,CCN(CC)CC(=O)NC1=C(C=CC=C1C)C
CID000003696,CN(C)CCCN1C2=CC=CC=C2CCC3=CC=CC=C31
CID000003702,CC1CC2=CC=CC=C2N1NC(=O)C3=CC(=C(C=C3)Cl)S(=O)(=O)N
CID000003715,CC1=C(C2=C(N1C(=O)C3=CC=C(C=C3)Cl)C=CC(=C2)OC)CC(=O)O
CID000003746,CC(C)[N+]1(C2CCC1CC(C2)OC(=O)C(CO)C3=CC=CC=C3)C
CID000003749,CCCCC1=NC2(CCCC2)C(=O)N1CC3=CC=C(C=C3)C4=CC=CC=C4C5=NNN=N5
CID000003767,C1=CN=CC=C1C(=O)NN
CID000003784,CC1=C(C(C(=C(N1)C)C(=O)OC(C)C)C2=CC=CC3=NON=C32)C(=O)OC
CID000003825,CC(C1=CC(=CC=C1)C(=O)C2=CC=CC=C2)C(=O)O
CID000003826,C1CN2C(=CC=C2C(=O)C3=CC=CC=C3)C1C(=O)O
CID000003827,CN1CCC(=C2C3=C(C(=O)CC4=CC=CC=C42)SC=C3)CC1
CID000003869,CC(CCC1=CC=CC=C1)NCC(C2=CC(=C(C=C2)O)C(=O)N)O
CID000003878,C1=CC(=C(C(=C1)Cl)Cl)C2=C(N=C(N=N2)N)N
CID000003883,CC1=C(C=CN=C1CS(=O)C2=NC3=CC=CC=C3N2)OCC(F)(F)F
CID000003899,CC1=C(C=NO1)C(=O)NC2=CC=C(C=C2)C(F)(F)F
CID000003902,C1=CC(=CC=C1C#N)C(C2=CC=C(C=C2)C#N)N3C=NC=N3
CID000003937,C1CC(N(C1)C(=O)C(CCCCN)NC(CCC2=CC=CC=C2)C(=O)O)C(=O)O
CID000003954,CN(C)C(=O)C(CC[NH+]1CCC(CC1)(C2=CC=C(C=C2)Cl)O)(C3=CC=CC=C3)C4=CC=CC=C4
CID000003957,CCOC(=O)N1CCC(=C2C3=C(CCC4=C2N=CC=C4)C=C(C=C3)Cl)CC1
CID000003961,CCCCC1=NC(=C(N1CC2=CC=C(C=C2)C3=CC=CC=C3C4=NNN=N4)CO)Cl
CID000003964,CN1CCN(CC1)C2=NC3=CC=CC=C3OC4=C2C=C(C=C4)Cl
CID000004011,CNCCCC12CCC(C3=CC=CC=C31)C4=CC=CC=C24
CID000004034,CC1=CC(=CC=C1)CN2CCN(CC2)C(C3=CC=CC=C3)C4=CC=C(C=C4)Cl
CID000004044,CC1=C(C(=CC=C1)NC2=CC=CC=C2C(=O)O)C
CID000004046,C1CCNC(C1)C(C2=CC(=NC3=C2C=CC=C3C(F)(F)F)C(F)(F)F)O
CID000004054,CC12CC3CC(C1)(CC(C3)(C2)N)C
CID000004058,CCOC(=O)C1(CCN(CC1)C)C2=CC=CC=C2
CID000004095,CCC(=O)C(CC(C)N(C)C)(C1=CC=CC=C1)C2=CC=CC=C2
CID000004140,CCC(CO)NC(=O)C1CN(C2CC3=CNC4=CC=CC(=C34)C2=C1)C
CID000004158,COC(=O)C(C1CCCCN1)C2=CC=CC=C2
CID000004168,CCN(CC)CCNC(=O)C1=CC(=C(C=C1OC)N)Cl
CID000004170,CC1NC2=CC(=C(C=C2C(=O)N1C3=CC=CC=C3C)S(=O)(=O)N)Cl
CID000004171,CC(C)NCC(COC1=CC=C(C=C1)CCOC)O
CID000004178,CC1=C(C(=CC=C1)C)OCC(C)N
CID000004189,C1=CC(=C(C=C1Cl)Cl)COC(CN2C=CN=C2)C3=C(C=C(C=C3)Cl)Cl
CID000004192,CC1=NC=C2N1C3=C(C=C(C=C3)Cl)C(=NC2)C4=CC=CC=C4F
CID000004205,CN1CCN2C(C1)C3=CC=CC=C3CC4=C2N=CC=C4
CID000004211,C1=CC=C(C(=C1)C(C2=CC=C(C=C2)Cl)C(Cl)Cl)Cl
CID000004212,C1=CC(=C2C(=C1NCCNCCO)C(=O)C3=C(C=CC(=C3C2=O)O)O)NCCNCCO
CID000004236,C1=CC=C(C=C1)C(C2=CC=CC=C2)S(=O)CC(=O)N
CID000004409,CC(=O)CCC1=CC2=C(C=C1)C=C(C=C2)OC
CID000004440,CNS(=O)(=O)CCC1=CC2=C(C=C1)NC=C2C3CCN(CC3)C
CID000004449,CCC1=NN(C(=O)N1CCOC2=CC=CC=C2)CCCN3CCN(CC3)C4=CC(=CC=C4)Cl
CID000004473,CC1=C(C(C(=C(N1)C)C(=O)OCC[NH+](C)CC2=CC=CC=C2)C3=CC(=CC=C3)[N+](=O)[O-])C(=O)OC
CID000004485,CC1=C(C(C(=C(N1)C)C(=O)OC)C2=CC=CC=C2[N+](=O)[O-])C(=O)OC
CID000004497,CC1=C(C(C(=C(N1)C)C(=O)OC(C)C)C2=CC(=CC=C2)[N+](=O)[O-])C(=O)OCCOC
CID000004499,CC1=C(C(C(=C(N1)C)C(=O)OCC(C)C)C2=CC=CC=C2[N+](=O)[O-])C(=O)OC
CID000004510,C(C(CO[N+](=O)[O-])O[N+](=O)[O-])O[N+](=O)[O-]
CID000004543,CNCCC=C1C2=CC=CC=C2CCC3=CC=CC=C31
CID000004585,CC1=CC2=C(NC3=CC=CC=C3N=C2S1)N4CCN(CC4)C
CID000004594,CC1=CN=C(C(=C1OC)C)CS(=O)C2=NC3=C(N2)C=C(C=C3)OC
CID000004595,CC1=NC=CN1CC2CCC3=C(C2=O)C4=CC=CC=C4N3C
CID000004601,CC1=CC=CC=C1C(C2=CC=CC=C2)OCCN(C)C
CID000004614,C1=CC=C(C=C1)C2=C(OC(=N2)CCC(=O)O)C3=CC=CC=C3
CID000004634,CCN(CC)CC#CCOC(=O)C(C1CCCCC1)(C2=CC=CC=C2)O
CID000004679,COC1=C(C(=NC=C1)CS(=O)C2=NC3=C(N2)C=C(C=C3)OC(F)F)OC
CID000004723,C1=CC=C(C=C1)C2C(=O)N=C(O2)N
CID000004736,CC1C2CC3=C(C1(CCN2CC=C(C)C)C)C=C(C=C3)O
CID000004740,CC(=O)CCCCN1C(=O)C2=C(N=CN2C)N(C1=O)C
CID000004748,C1CN(CCN1CCCN2C3=CC=CC=C3SC4=C2C=C(C=C4)Cl)CCO
CID000004771,CC(C)(CC1=CC=CC=C1)N
CID000004819,CCC1C(COC1=O)CC2=CN=CN2C
CID000004828,CC(C)NCC(COC1=CC=CC2=C1C=CN2)O
CID000004829,CCC1=CN=C(C=C1)CCOC2=CC=C(C=C2)CC3C(=O)NC(=O)S3
CID000004893,COC1=C(C=C2C(=C1)C(=NC(=N2)N3CCN(CC3)C(=O)C4=CC=CO4)N)OC
CID000004911,CCCN(CCC)S(=O)(=O)C1=CC=C(C=C1)C(=O)O
CID000004913,CCN(CC)CCNC(=O)C1=CC=C(C=C1)N
CID000004917,CN1CCN(CC1)CCCN2C3=CC=CC=C3SC4=C2C=C(C=C4)Cl
CID000004927,CC(CN1C2=CC=CC=C2SC3=CC=CC=C31)N(C)C
CID000004932,CCCNCC(COC1=CC=CC=C1C(=O)CCC2=CC=CC=C2)O
CID000004943,CC(C)C1=C(C(=CC=C1)C(C)C)O
CID000004946,CC(C)NCC(COC1=CC=CC2=CC=CC=C21)O
CID000004991,C[N+]1=CC=CC(=C1)OC(=O)N(C)C
CID000004993,CCC1=C(C(=NC(=N1)N)N)C2=CC=C(C=C2)Cl
CID000005002,C1CN(CCN1CCOCCO)C2=NC3=CC=CC=C3SC4=CC=CC=C42
CID000005029,CC1=C(C=CN=C1CS(=O)C2=NC3=CC=CC=C3N2)OCCCOC
CID000005035,C1CCN(CC1)CCOC2=CC=C(C=C2)C(=O)C3=C(SC4=C3C=CC(=C4)O)C5=CC=C(C=C5)O
CID000005039,CNC(=C[N+](=O)[O-])NCCSCC1=CC=C(O1)CN(C)C
CID000005070,C1=CC2=C(C=C1OC(F)(F)F)SC(=N2)N
CID000005073,CC1=C(C(=O)N2CCCCC2=N1)CCN3CCC(CC3)C4=NOC5=C4C=CC(=C5)F
CID000005078,CN(C)CCC1=CNC2=C1C=C(C=C2)CN3C=NC=N3
CID000005090,CS(=O)(=O)C1=CC=C(C=C1)C2=C(C(=O)OC2)C3=CC=CC=C3
CID000005095,CCCN(CCC)CCC1=C2CC(=O)NC2=CC=C1
CID000005152,C1=CC=C(C=C1)CCCCOCCCCCCNCC(C2=CC(=C(C=C2)O)CO)O
CID000005184,CN1C2CC(CC1C3C2O3)OC(=O)C(CO)C4=CC=CC=C4
CID000005210,CC(C)CC(C1(CCC1)C2=CC=C(C=C2)Cl)N(C)C
CID000005212,CCCC1=NN(C2=C1NC(=NC2=O)C3=C(C=CC(=C3)S(=O)(=O)N4CCN(CC4)C)OCC)C
CID000005245,C1=CC(=CN=C1)CC(O)(P(=O)(O)O)P(=O)(O)O
CID000005253,CC(C)NCC(C1=CC=C(C=C1)NS(=O)(=O)C)O
CID000005291,CC1=C(C=C(C=C1)NC(=O)C2=CC=C(C=C2)CN3CCN(CC3)C)NC4=NC=CC(=N4)C5=CN=CC=C5
CID000005358,CNS(=O)(=O)CC1=CC2=C(C=C1)NC=C2CCN(C)C
CID000005381,CCOC(=O)C1=CN=C(C=C1)C#CC2=CC3=C(C=C2)SCCC3(C)C
CID000005401,COC1=C(C=C2C(=C1)C(=NC(=N2)N3CCN(CC3)C(=O)C4CCCO4)N)OC
CID000005453,C1CN1P(=S)(N2CC2)N3CC3
CID000005454,CN1CCN(CC1)CCC=C2C3=CC=CC=C3SC4=C2C=C(C=C4)S(=O)(=O)N(C)C
CID000005472,C1CN(CC2=C1SC=C2)CC3=CC=CC=C3Cl
CID000005482,C1=CC(=C(C=C1Cl)Cl)C(CN2C=CN=C2)OCC3=C(SC=C3)Cl
CID000005487,C1CN=C(N1)NC2=C(C=CC3=NSN=C32)Cl
CID000005523,CN(C)CC1CCCCC1(C2=CC(=CC=C2)OC)O
CID000005530,C1C(C1N)C2=CC=CC=C2
CID000005533,C1CN(CCN1CCCN2C(=O)N3C=CC=CC3=N2)C4=CC(=CC=C4)Cl
CID000005556,CC1=NN=C2N1C3=C(C=C(C=C3)Cl)C(=NC2)C4=CC=CC=C4Cl
CID000005572,C1CCC(CC1)C(CCN2CCCCC2)(C3=CC=CC=C3)O
CID000005578,COC1=CC(=CC(=C1OC)OC)CC2=CN=C(N=C2N)N
CID000005584,CC(CN1C2=CC=CC=C2CCC3=CC=CC=C31)CN(C)C
CID000005593,CCN(CC1=CC=NC=C1)C(=O)C(CO)C2=CC=CC=C2
CID000005656,CN(C)CC(C1=CC=C(C=C1)OC)C2(CCCCC2)O
CID000005717,CC1=CC=CC=C1S(=O)(=O)NC(=O)C2=CC(=C(C=C2)CC3=CN(C4=C3C=C(C=C4)NC(=O)OC5CCCC5)C)OC
CID000005732,CC1=CC=C(C=C1)C2=C(N3C=C(C=CC3=N2)C)CC(=O)N(C)C
CID000005734,C1=CC=C2C(=C1)C(=NO2)CS(=O)(=O)N
CID000005978,CCC1(CC2CC(C3=C(CCN(C2)C1)C4=CC=CC=C4N3)(C5=C(C=C6C(=C5)C78CCN9C7C(C=CC9)(C(C(C8N6C=O)(C(=O)OC)O)OC(=O)C)CC)OC)C(=O)OC)O
CID000013342,CCC1(CC2CC(C3=C(CCN(C2)C1)C4=CC=CC=C4N3)(C5=C(C=C6C(=C5)C78CCN9C7C(C=CC9)(C(C(C8N6C)(C(=O)OC)O)OC(=O)C)CC)OC)C(=O)OC)O
CID000027991,C1CC(N(C1)C(=O)C2CSSCCC(=O)NC(C(=O)NC(C(=O)NC(C(=O)NC(C(=O)N2)CC(=O)N)CCC(=O)N)CC3=CC=CC=C3)CC4=CC=C(C=C4)O)C(=O)NC(CCCN=C(N)N)C(=O)NCC(=O)N
CID000036811,CC(CCC1=CC=C(C=C1)O)NCCC2=CC(=C(C=C2)O)O
CID000039860,CCCCCCC(C)(C)C1=CC(=C2C3CC(=O)CCC3C(OC2=C1)(C)C)O
CID000041693,CCC(=O)N(C1=CC=CC=C1)C2(CCN(CC2)CCC3=CC=CS3)COC
CID000051263,CCC(=O)N(C1=CC=CC=C1)C2(CCN(CC2)CCN3C(=O)N(N=N3)CC)COC
CID000051634,CCCCN1CC(C(C(C1CO)O)O)O
CID000054454,CCC(C)(C)C(=O)OC1CC(C=C2C1C(C(C=C2)C)CCC3CC(CC(=O)O3)O)C
CID000057469,CC(C)CN1C=NC2=C1C3=CC=CC=C3N=C2N
CID000057537,CCCN(CCC1=CC=CS1)C2CCC3=C(C2)C=CC=C3O
CID000060164,COC1=C(C=C(C=C1)C2=CC3=C(C=C2)C=C(C=C3)C(=O)O)C45CC6CC(C4)CC(C6)C5
CID000060198,CC12CCC3C(C1CCC2=O)CC(=C)C4=CC(=O)C=CC34C
CID000060795,C1CC(=O)NC2=C1C=CC(=C2)OCCCCN3CCN(CC3)C4=C(C(=CC=C4)Cl)Cl
CID000060852,CCCCCN(C)CCC(O)(P(=O)(O)O)P(=O)(O)O
CID000060877,C1C(OC(S1)CO)N2C=C(C(=NC2=O)N)F
CID000065999,CCCC1=NC2=C(N1CC3=CC=C(C=C3)C4=CC=CC=C4C(=O)O)C=C(C=C2C)C5=NC6=CC=CC=C6N5C
CID000068740,C1=CN(C=N1)CC(O)(P(=O)(O)O)P(=O)(O)O
CID000068844,CCNC1CN(S(=O)(=O)C2=C1C=C(S2)S(=O)(=O)N)CCCOC
CID000071329,CN(CCC1=CC=C(C=C1)NS(=O)(=O)C)CCOC2=CC=C(C=C2)NS(=O)(=O)C
CID000071616,CC(C1=NC=NC=C1F)C(CN2C=NC=N2)(C3=C(C=C(C=C3)F)F)O
CID000072054,C1CN(CC1C(C2=CC=CC=C2)(C3=CC=CC=C3)C(=O)N)CCC4=CC5=C(C=C4)OCC5
CID000074989,C1CC(CCC1C2=CC=C(C=C2)Cl)C3=C(C4=CC=CC=C4C(=O)C3=O)O
CID000077992,CNC1CCC2=C(C1)C3=C(N2)C=CC(=C3)C(=O)N
CID000077993,CN1CCCC1CC2=CNC3=C2C=C(C=C3)CCS(=O)(=O)C4=CC=CC=C4
CID000082146,CC1=CC2=C(C=C1C(=C)C3=CC=C(C=C3)C(=O)O)C(CCC2(C)C)(C)C
CID000083786,C1=NNC2=C1NC=NC2=O
CID000104741,CC12CCC3C(C1CCC2O)C(CC4=C3C=CC(=C4)O)CCCCCCCCCS(=O)CCCC(C(F)(F)F)(F)F
CID000104865,CC(C)(C)C1=CC=C(C=C1)S(=O)(=O)NC2=C(C(=NC(=N2)C3=NC=CC=N3)OCCO)OC4=CC=CC=C4OC
CID000110634,CCCC1=NC(=C2N1NC(=NC2=O)C3=C(C=CC(=C3)S(=O)(=O)N4CCN(CC4)CC)OCC)C
CID000110635,CN1CC(=O)N2C(C1=O)CC3=C(C2C4=CC5=C(C=C4)OCO5)NC6=CC=CC=C36
CID000115237,CC1=C(C(=O)N2CCCC(C2=N1)O)CCN3CCC(CC3)C4=NOC5=C4C=CC(=C5)F
CID000119182,C1=NC2=C(N=C(N=C2N1C3C(C(C(O3)CO)O)F)Cl)N
CID000119607,CC1=C(C(=NO1)C2=CC=CC=C2)C3=CC=C(C=C3)S(=O)(=O)N
CID000123631,COC1=C(C=C2C(=C1)N=CN=C2NC3=CC(=C(C=C3)F)Cl)OCCCN4CCOCC4
CID000124087,C1CC2=C(C=CC(=C2)Cl)C(=C3CCNCC3)C4=C1C=CC=N4
CID000125017,CN(C)CC(C1=CC=C(C=C1)O)C2(CCCCC2)O
CID000130881,CCCC1=NC(=C(N1CC2=CC=C(C=C2)C3=CC=CC=C3C4=NNN=N4)C(=O)OCC5=C(OC(=O)O5)C)C(C)(C)O
CID000148192,CC(C)(C)C(C(=O)NC(CC1=CC=CC=C1)C(CN(CC2=CC=C(C=C2)C3=CC=CC=N3)NC(=O)C(C(C)(C)C)NC(=O)OC)O)NC(=O)OC
CID000150311,C1=CC(=CC=C1C2C(C(=O)N2C3=CC=C(C=C3)F)CCC(C4=CC=C(C=C4)F)O)O
CID000170361,C1C2CNCC1C3=CC4=NC=CN=C4C=C23
CID000176870,COCCOC1=C(C=C2C(=C1)C(=NC=N2)NC3=CC=CC(=C3)C#C)OCCOC
CID000216239,CNC(=O)C1=NC=CC(=C1)OC2=CC=C(C=C2)NC(=O)NC3=CC(=C(C=C3)Cl)C(F)(F)F
CID000667490,C1=NC2=C(N1)C(=S)N=CN2
CID001349907,CN1C=CNC1=S
CID003002190,CCC1C2(C(C(C(=O)C(CC(C(C(C(=O)C(C(=O)O1)C)C)OC3C(C(CC(O3)C)N(C)C)O)(C)OC)C)C)N(C(=O)O2)CCCCN4C=C(N=C4)C5=CN=CC=C5)C
CID003062316,CC1=C(C(=CC=C1)Cl)NC(=O)C2=CN=C(S2)NC3=CC(=NC(=N3)C)N4CCN(CC4)CCO
CID004659569,CC1=CC=C(C=C1)C(=O)C2=CC(=C(C(=C2)O)O)[N+](=O)[O-]
CID005311181,CC#CCC(C)C(C=CC1C(CC2C1CC(=CCCCC(=O)O)C2)O)O
CID005311297,CC(C)(C1=CC=CC=C1CCC(C2=CC=CC(=C2)C=CC3=NC4=C(C=CC(=C4)Cl)C=C3)S)O
CID005329102,CCN(CC)CCNC(=O)C1=C(NC(=C1C)C=C2C3=C(C=CC(=C3)F)NC2=O)C
CID005353980,C1=CC=NC(=C1)NS(=O)(=O)C2=CC=C(C=C2)NN=C3C=CC(=O)C(=C3)C(=O)O
CID005381226,CC1C=CC=C(C(=O)NC2=C(C3=C(C4=C(C(=C3O)C)OC(C4=O)(OC=CC(C(C(C(C(C(C1O)C)O)C)OC(=O)C)C)OC)C)C(=O)C2=CNN5CCN(CC5)C)O)C
CID005493444,CC(C)C(CC1=CC(=C(C=C1)OC)OCCCOC)CC(C(CC(C(C)C)C(=O)NCC(C)(C)C(=O)N)O)N
CID006436173,CC1C=CC=C(C(=O)NC2=C(C3=C(C4=C(C(=C3O)C)OC(C4=O)(OC=CC(C(C(C(C(C(C1O)C)O)C)OC(=O)C)C)OC)C)C5=C2N6C=CC(=CC6=N5)C)O)C
