init_a,init_b,k,turnover,family,comparison,model_a,model_b,init
0.0,1.0,100,0.43999999999999995,DTI,within,NeuralMF,NeuralMF,
0.0,1.0,500,0.04400000000000004,DTI,within,NeuralMF,NeuralMF,
0.0,1.0,1000,0.23399999999999999,DTI,within,NeuralMF,NeuralMF,
0.0,2.0,100,0.29000000000000004,DTI,within,NeuralMF,NeuralMF,
0.0,2.0,500,0.04400000000000004,DTI,within,NeuralMF,NeuralMF,
0.0,2.0,1000,0.20599999999999996,DTI,within,NeuralMF,NeuralMF,
0.0,3.0,100,0.36,DTI,within,NeuralMF,NeuralMF,
0.0,3.0,500,0.040000000000000036,DTI,within,NeuralMF,NeuralMF,
0.0,3.0,1000,0.19899999999999995,DTI,within,NeuralMF,NeuralMF,
0.0,4.0,100,0.26,DTI,within,NeuralMF,NeuralMF,
0.0,4.0,500,0.038000000000000034,DTI,within,NeuralMF,NeuralMF,
0.0,4.0,1000,0.20699999999999996,DTI,within,NeuralMF,NeuralMF,
1.0,2.0,100,0.35,DTI,within,NeuralMF,NeuralMF,
1.0,2.0,500,0.038000000000000034,DTI,within,NeuralMF,NeuralMF,
1.0,2.0,1000,0.256,DTI,within,NeuralMF,NeuralMF,
1.0,3.0,100,0.22999999999999998,DTI,within,NeuralMF,NeuralMF,
1.0,3.0,500,0.030000000000000027,DTI,within,NeuralMF,NeuralMF,
1.0,3.0,1000,0.20599999999999996,DTI,within,NeuralMF,NeuralMF,
1.0,4.0,100,0.35,DTI,within,NeuralMF,NeuralMF,
1.0,4.0,500,0.030000000000000027,DTI,within,NeuralMF,NeuralMF,
1.0,4.0,1000,0.20999999999999996,DTI,within,NeuralMF,NeuralMF,
2.0,3.0,100,0.31000000000000005,DTI,within,NeuralMF,NeuralMF,
2.0,3.0,500,0.03400000000000003,DTI,within,NeuralMF,NeuralMF,
2.0,3.0,1000,0.20499999999999996,DTI,within,NeuralMF,NeuralMF,
2.0,4.0,100,0.18000000000000005,DTI,within,NeuralMF,NeuralMF,
2.0,4.0,500,0.03400000000000003,DTI,within,NeuralMF,NeuralMF,
2.0,4.0,1000,0.21299999999999997,DTI,within,NeuralMF,NeuralMF,
3.0,4.0,100,0.30000000000000004,DTI,within,NeuralMF,NeuralMF,
3.0,4.0,500,0.02400000000000002,DTI,within,NeuralMF,NeuralMF,
3.0,4.0,1000,0.18100000000000005,DTI,within,NeuralMF,NeuralMF,
0.0,1.0,100,0.12,DTI,within,SVD,SVD,
0.0,1.0,500,0.10199999999999998,DTI,within,SVD,SVD,
0.0,1.0,1000,0.14,DTI,within,SVD,SVD,
0.0,2.0,100,0.14,DTI,within,SVD,SVD,
0.0,2.0,500,0.138,DTI,within,SVD,SVD,
0.0,2.0,1000,0.15900000000000003,DTI,within,SVD,SVD,
0.0,3.0,100,0.13,DTI,within,SVD,SVD,
0.0,3.0,500,0.132,DTI,within,SVD,SVD,
0.0,3.0,1000,0.16600000000000004,DTI,within,SVD,SVD,
0.0,4.0,100,0.08999999999999997,DTI,within,SVD,SVD,
0.0,4.0,500,0.12,DTI,within,SVD,SVD,
0.0,4.0,1000,0.14200000000000002,DTI,within,SVD,SVD,
1.0,2.0,100,0.18999999999999995,DTI,within,SVD,SVD,
1.0,2.0,500,0.15600000000000003,DTI,within,SVD,SVD,
1.0,2.0,1000,0.15800000000000003,DTI,within,SVD,SVD,
1.0,3.0,100,0.18000000000000005,DTI,within,SVD,SVD,
1.0,3.0,500,0.14600000000000002,DTI,within,SVD,SVD,
1.0,3.0,1000,0.15200000000000002,DTI,within,SVD,SVD,
1.0,4.0,100,0.10999999999999999,DTI,within,SVD,SVD,
1.0,4.0,500,0.136,DTI,within,SVD,SVD,
1.0,4.0,1000,0.16100000000000003,DTI,within,SVD,SVD,
2.0,3.0,100,0.09999999999999998,DTI,within,SVD,SVD,
2.0,3.0,500,0.14200000000000002,DTI,within,SVD,SVD,
2.0,3.0,1000,0.15200000000000002,DTI,within,SVD,SVD,
2.0,4.0,100,0.18000000000000005,DTI,within,SVD,SVD,
2.0,4.0,500,0.15200000000000002,DTI,within,SVD,SVD,
2.0,4.0,1000,0.16800000000000004,DTI,within,SVD,SVD,
3.0,4.0,100,0.14,DTI,within,SVD,SVD,
3.0,4.0,500,0.134,DTI,within,SVD,SVD,
3.0,4.0,1000,0.15500000000000003,DTI,within,SVD,SVD,
,,100,1.0,DTI,cross_selected,NeuralMF,SVD,0.0
,,500,1.0,DTI,cross_selected,NeuralMF,SVD,0.0
,,1000,0.942,DTI,cross_selected,NeuralMF,SVD,0.0
,,100,1.0,DTI,cross_selected,NeuralMF,SVD,1.0
,,500,1.0,DTI,cross_selected,NeuralMF,SVD,1.0
,,1000,0.944,DTI,cross_selected,NeuralMF,SVD,1.0
,,100,1.0,DTI,cross_selected,NeuralMF,SVD,2.0
,,500,0.998,DTI,cross_selected,NeuralMF,SVD,2.0
,,1000,0.951,DTI,cross_selected,NeuralMF,SVD,2.0
,,100,1.0,DTI,cross_selected,NeuralMF,SVD,3.0
,,500,0.998,DTI,cross_selected,NeuralMF,SVD,3.0
,,1000,0.951,DTI,cross_selected,NeuralMF,SVD,3.0
,,100,1.0,DTI,cross_selected,NeuralMF,SVD,4.0
,,500,0.998,DTI,cross_selected,NeuralMF,SVD,4.0
,,1000,0.937,DTI,cross_selected,NeuralMF,SVD,4.0
0.0,1.0,100,0.95,Disease-Gene,within,NeuralMF,NeuralMF,
0.0,1.0,500,0.892,Disease-Gene,within,NeuralMF,NeuralMF,
0.0,1.0,1000,0.862,Disease-Gene,within,NeuralMF,NeuralMF,
0.0,2.0,100,0.89,Disease-Gene,within,NeuralMF,NeuralMF,
0.0,2.0,500,0.856,Disease-Gene,within,NeuralMF,NeuralMF,
0.0,2.0,1000,0.845,Disease-Gene,within,NeuralMF,NeuralMF,
0.0,3.0,100,0.96,Disease-Gene,within,NeuralMF,NeuralMF,
0.0,3.0,500,0.89,Disease-Gene,within,NeuralMF,NeuralMF,
0.0,3.0,1000,0.846,Disease-Gene,within,NeuralMF,NeuralMF,
0.0,4.0,100,0.96,Disease-Gene,within,NeuralMF,NeuralMF,
0.0,4.0,500,0.888,Disease-Gene,within,NeuralMF,NeuralMF,
0.0,4.0,1000,0.853,Disease-Gene,within,NeuralMF,NeuralMF,
1.0,2.0,100,0.92,Disease-Gene,within,NeuralMF,NeuralMF,
1.0,2.0,500,0.872,Disease-Gene,within,NeuralMF,NeuralMF,
1.0,2.0,1000,0.837,Disease-Gene,within,NeuralMF,NeuralMF,
1.0,3.0,100,0.9299999999999999,Disease-Gene,within,NeuralMF,NeuralMF,
1.0,3.0,500,0.888,Disease-Gene,within,NeuralMF,NeuralMF,
1.0,3.0,1000,0.874,Disease-Gene,within,NeuralMF,NeuralMF,
1.0,4.0,100,0.89,Disease-Gene,within,NeuralMF,NeuralMF,
1.0,4.0,500,0.872,Disease-Gene,within,NeuralMF,NeuralMF,
1.0,4.0,1000,0.844,Disease-Gene,within,NeuralMF,NeuralMF,
2.0,3.0,100,0.95,Disease-Gene,within,NeuralMF,NeuralMF,
2.0,3.0,500,0.866,Disease-Gene,within,NeuralMF,NeuralMF,
2.0,3.0,1000,0.829,Disease-Gene,within,NeuralMF,NeuralMF,
2.0,4.0,100,0.95,Disease-Gene,within,NeuralMF,NeuralMF,
2.0,4.0,500,0.872,Disease-Gene,within,NeuralMF,NeuralMF,
2.0,4.0,1000,0.855,Disease-Gene,within,NeuralMF,NeuralMF,
3.0,4.0,100,0.94,Disease-Gene,within,NeuralMF,NeuralMF,
3.0,4.0,500,0.872,Disease-Gene,within,NeuralMF,NeuralMF,
3.0,4.0,1000,0.846,Disease-Gene,within,NeuralMF,NeuralMF,
0.0,1.0,100,0.7,Disease-Gene,within,LightGCN,LightGCN,
0.0,1.0,500,0.6739999999999999,Disease-Gene,within,LightGCN,LightGCN,
0.0,1.0,1000,0.6759999999999999,Disease-Gene,within,LightGCN,LightGCN,
0.0,2.0,100,0.6599999999999999,Disease-Gene,within,LightGCN,LightGCN,
0.0,2.0,500,0.6659999999999999,Disease-Gene,within,LightGCN,LightGCN,
0.0,2.0,1000,0.646,Disease-Gene,within,LightGCN,LightGCN,
0.0,3.0,100,0.65,Disease-Gene,within,LightGCN,LightGCN,
0.0,3.0,500,0.628,Disease-Gene,within,LightGCN,LightGCN,
0.0,3.0,1000,0.613,Disease-Gene,within,LightGCN,LightGCN,
0.0,4.0,100,0.6699999999999999,Disease-Gene,within,LightGCN,LightGCN,
0.0,4.0,500,0.648,Disease-Gene,within,LightGCN,LightGCN,
0.0,4.0,1000,0.65,Disease-Gene,within,LightGCN,LightGCN,
1.0,2.0,100,0.73,Disease-Gene,within,LightGCN,LightGCN,
1.0,2.0,500,0.696,Disease-Gene,within,LightGCN,LightGCN,
1.0,2.0,1000,0.667,Disease-Gene,within,LightGCN,LightGCN,
1.0,3.0,100,0.61,Disease-Gene,within,LightGCN,LightGCN,
1.0,3.0,500,0.616,Disease-Gene,within,LightGCN,LightGCN,
1.0,3.0,1000,0.629,Disease-Gene,within,LightGCN,LightGCN,
1.0,4.0,100,0.73,Disease-Gene,within,LightGCN,LightGCN,
1.0,4.0,500,0.688,Disease-Gene,within,LightGCN,LightGCN,
1.0,4.0,1000,0.633,Disease-Gene,within,LightGCN,LightGCN,
2.0,3.0,100,0.72,Disease-Gene,within,LightGCN,LightGCN,
2.0,3.0,500,0.646,Disease-Gene,within,LightGCN,LightGCN,
2.0,3.0,1000,0.624,Disease-Gene,within,LightGCN,LightGCN,
2.0,4.0,100,0.71,Disease-Gene,within,LightGCN,LightGCN,
2.0,4.0,500,0.652,Disease-Gene,within,LightGCN,LightGCN,
2.0,4.0,1000,0.645,Disease-Gene,within,LightGCN,LightGCN,
3.0,4.0,100,0.6599999999999999,Disease-Gene,within,LightGCN,LightGCN,
3.0,4.0,500,0.6639999999999999,Disease-Gene,within,LightGCN,LightGCN,
3.0,4.0,1000,0.638,Disease-Gene,within,LightGCN,LightGCN,
,,100,0.9299999999999999,Disease-Gene,cross_selected,NeuralMF,LightGCN,0.0
,,500,0.882,Disease-Gene,cross_selected,NeuralMF,LightGCN,0.0
,,1000,0.863,Disease-Gene,cross_selected,NeuralMF,LightGCN,0.0
,,100,0.98,Disease-Gene,cross_selected,NeuralMF,LightGCN,1.0
,,500,0.918,Disease-Gene,cross_selected,NeuralMF,LightGCN,1.0
,,1000,0.893,Disease-Gene,cross_selected,NeuralMF,LightGCN,1.0
,,100,0.9299999999999999,Disease-Gene,cross_selected,NeuralMF,LightGCN,2.0
,,500,0.91,Disease-Gene,cross_selected,NeuralMF,LightGCN,2.0
,,1000,0.869,Disease-Gene,cross_selected,NeuralMF,LightGCN,2.0
,,100,0.98,Disease-Gene,cross_selected,NeuralMF,LightGCN,3.0
,,500,0.894,Disease-Gene,cross_selected,NeuralMF,LightGCN,3.0
,,1000,0.868,Disease-Gene,cross_selected,NeuralMF,LightGCN,3.0
,,100,0.9,Disease-Gene,cross_selected,NeuralMF,LightGCN,4.0
,,500,0.886,Disease-Gene,cross_selected,NeuralMF,LightGCN,4.0
,,1000,0.867,Disease-Gene,cross_selected,NeuralMF,LightGCN,4.0
